quaternion (w),quaternion (x),quaternion (y),quaternion (z),gyroscope bias (x),gyroscope bias (y),gyroscope bias (z),magnetometer bias (x),magnetometer bias (y),magnetometer bias (z),time
0.70710677,0.00010426559,9.9691795e-05,0.0,0.0,0.0,0.0,0.0,0.0,0.0,35.94
0.9999999782897406,0.00016095324753662125,0.00013224360050430534,-5.118649306437419e-06,0.0,0.0,0.0,0.0,0.0,0.0,35.94
0.9259471925594531,-0.04089533772466218,-0.03947426992282254,-0.3733512420733499,-2.5775120186912277e-06,-2.513203603906843e-06,-9.198582127003991e-08,-6.811423113678129e-07,-1.197227067624544e-07,8.731071822690235e-08,36.94
0.9259519035834615,-0.04090938736299643,-0.03938304916797589,-0.37334765261613856,-2.5775120186912277e-06,-2.513203603906843e-06,-9.198582127003991e-08,-6.811423113678129e-07,-1.197227067624544e-07,8.731071822690235e-08,36.94
0.5935673640964506,-0.06810490353188511,-0.05674611509585964,-0.7998871075445781,-1.3158873009210382e-05,-1.5571071955748848e-05,-1.1811564720856446e-06,-2.0230272684582247e-06,-1.3783252479265463e-06,2.9099207264908366e-07,37.94
0.5935336496409156,-0.06809116204679007,-0.05682769005025355,-0.7999075034268679,-1.3158873009210382e-05,-1.5571071955748848e-05,-1.1811564720856446e-06,-2.0230272684582247e-06,-1.3783252479265463e-06,2.9099207264908366e-07,37.94
0.19361391908803482,-0.07410270792282804,-0.05112727776040862,-0.9769382992199077,-3.974477185250063e-05,-6.11571242440498e-05,-5.1933566612451164e-06,-3.3340283795437133e-06,-4.800176777737074e-06,5.693066338224703e-07,38.94
0.19361223018408252,-0.07403708600264794,-0.05114421624589602,-0.9769427226628874,-3.974477185250063e-05,-6.11571242440498e-05,-5.1933566612451164e-06,-3.3340283795437133e-06,-4.800176777737074e-06,5.693066338224703e-07,38.94
-0.06576515198593097,-0.07295544272813738,-0.042797077950094874,-0.9942438625807766,-6.921294931413471e-05,-0.000137860534932645,-1.0918793765142417e-05,-3.7962240350425696e-06,-9.225422187862236e-06,7.923500112435485e-07,39.94
-0.06567667197337591,-0.07296945062059547,-0.04272554341985679,-0.9942517598546698,-6.921294931413471e-05,-0.000137860534932645,-1.0918793765142417e-05,-3.7962240350425696e-06,-9.225422187862236e-06,7.923500112435485e-07,39.94
-0.21255486395371695,-0.0721613348818584,-0.03694924043433017,-0.9737802242749702,-9.159232323123109e-05,-0.0002367591123790535,-1.707095397856942e-05,-3.6087641568445288e-06,-1.3791916150154536e-05,9.498508721497516e-07,40.94
-0.2125328711953394,-0.07211607909131057,-0.03698103078189435,-0.9737871703613011,-9.159232323123109e-05,-0.0002367591123790535,-1.707095397856942e-05,-3.6087641568445288e-06,-1.3791916150154536e-05,9.498508721497516e-07,40.94
-0.295246267704334,-0.07209462276005248,-0.032855416125762406,-0.9521305206782049,-0.00010392054342920536,-0.0003576407855617161,-2.3393397229419203e-05,-3.045393709691664e-06,-1.836713936886038e-05,1.0633304620634432e-06,41.94
-0.29528488775737377,-0.07213286514882879,-0.032903875556489125,-0.9521139741653302,-0.00010392054342920536,-0.0003576407855617161,-2.3393397229419203e-05,-3.045393709691664e-06,-1.836713936886038e-05,1.0633304620634432e-06,41.94
-0.34144032558572956,-0.0724838142548445,-0.029839228059415916,-0.9366291802008938,-0.00010440179657586045,-0.0005012143765789369,-2.9757670413121237e-05,-2.2726179831665468e-06,-2.2939982303008857e-05,1.146798192702428e-06,42.94
-0.3414674687570115,-0.07243726017266391,-0.029881189901129594,-0.9366215487642006,-0.00010440179657586045,-0.0005012143765789369,-2.9757670413121237e-05,-2.2726179831665468e-06,-2.2939982303008857e-05,1.146798192702428e-06,42.94
-0.3669768956025626,-0.0728802871798812,-0.02751664027346001,-0.9269623812984781,-9.171172677653312e-05,-0.0006668800379510752,-3.600143738212214e-05,-1.386693385167204e-06,-2.750171864869944e-05,1.2099971384621366e-06,43.94
-0.3669734918965779,-0.07291285347530796,-0.027480749045885256,-0.926962232496663,-9.171172677653312e-05,-0.0006668800379510752,-3.600143738212214e-05,-1.386693385167204e-06,-2.750171864869944e-05,1.2099971384621366e-06,43.94
-0.38218850817105976,-0.07291287963566702,-0.0253271558894024,-0.920855141365768,-6.500332853977728e-05,-0.0008591734241313615,-4.210500788899812e-05,-4.1419922006062164e-07,-3.214068417532412e-05,1.258145323490908e-06,44.94
-0.38218527295786114,-0.07287757451130568,-0.02538198236273613,-0.9208577692775428,-6.500332853977728e-05,-0.0008591734241313615,-4.210500788899812e-05,-4.1419922006062164e-07,-3.214068417532412e-05,1.258145323490908e-06,44.94
-0.3900928770584816,-0.07304735186090582,-0.023922310813180192,-0.9175616353682748,-2.386450619944567e-05,-0.0010710170288898183,-4.7885764869550454e-05,5.859964176465324e-07,-3.6740903876679264e-05,1.2959906698024683e-06,45.94
-0.3900698188289034,-0.07303871011896165,-0.02392074430300527,-0.9175721667830466,-2.386450619944567e-05,-0.0010710170288898183,-4.7885764869550454e-05,5.859964176465324e-07,-3.6740903876679264e-05,1.2959906698024683e-06,45.94
-0.3942954766215425,-0.07311979992128571,-0.022785562116001284,-0.9157867601872826,3.2361768249784566e-05,-0.001304855939649544,-5.338901300879414e-05,1.606325308838718e-06,-4.13460333677874e-05,1.3262949130523299e-06,46.94
-0.39426720694280193,-0.07305759272454997,-0.022781332370405374,-0.9158040011761494,3.2361768249784566e-05,-0.001304855939649544,-5.338901300879414e-05,1.606325308838718e-06,-4.13460333677874e-05,1.3262949130523299e-06,46.94
-0.3956248709597273,-0.07335392916500945,-0.022086982377972783,-0.9152116300417018,0.00010303352431799759,-0.0015556639623616772,-5.85599480989824e-05,2.618228384870857e-06,-4.589346633730635e-05,1.3521946336969098e-06,47.94
-0.39568151642251825,-0.07327038601637492,-0.02220036550306353,-0.9151910903555158,0.00010303352431799759,-0.0015556639623616772,-5.85599480989824e-05,2.618228384870857e-06,-4.589346633730635e-05,1.3521946336969098e-06,47.94
-0.3967365501669034,-0.07323235631940865,-0.021218566427792417,-0.9147605720560548,0.0001890546085083794,-0.0018295428866959699,-6.346230647036583e-05,3.642663590856259e-06,-5.046861071838335e-05,1.373233557439709e-06,48.952
-0.39670086740350635,-0.07314568073053274,-0.021266737097080986,-0.9147818631154732,0.0001890546085083794,-0.0018295428866959699,-6.346230647036583e-05,3.642663590856259e-06,-5.046861071838335e-05,1.373233557439709e-06,48.952
-0.398535399817201,-0.07273009314609032,-0.020262740281725703,-0.914040092118382,0.00029178966489155813,-0.002131332116332126,-6.812007867200392e-05,4.699448645623399e-06,-5.5126903854076315e-05,1.3892801517348075e-06,49.94
-0.3986169088862571,-0.07260638000875042,-0.02036888204577567,-0.9140120251813953,0.00029178966489155813,-0.002131332116332126,-6.812007867200392e-05,4.699448645623399e-06,-5.5126903854076315e-05,1.3892801517348075e-06,49.94
-0.398301592316114,-0.07274913522357354,-0.019820118034211468,-0.9141501888660202,0.000406082523185201,-0.0024432822986856662,-7.239013756525238e-05,5.731615747622959e-06,-5.967693901554571e-05,1.402537875695754e-06,50.94
-0.39825082903808007,-0.07261112653594345,-0.019839283850872785,-0.9141828615162001,0.000406082523185201,-0.0024432822986856662,-7.239013756525238e-05,5.731615747622959e-06,-5.967693901554571e-05,1.402537875695754e-06,50.94
-0.39871135557032306,-0.07247802500306366,-0.019138351875400035,-0.9140076117398717,0.000535597780508491,-0.0027788355862890042,-7.636645471051026e-05,6.77550756944048e-06,-6.42592069298477e-05,1.4122578899622038e-06,51.94
-0.3987565907670424,-0.07236368972859433,-0.019131356303860477,-0.9139970836576471,0.000535597780508491,-0.0027788355862890042,-7.636645471051026e-05,6.77550756944048e-06,-6.42592069298477e-05,1.4122578899622038e-06,51.94
-0.39956196001310673,-0.07209961919009159,-0.018482372374520332,-0.9136795318570609,0.0006803690395714295,-0.0031383022958193165,-8.004107472276086e-05,7.835966797266629e-06,-6.887621202997756e-05,1.418167776990954e-06,52.94
-0.3995843190291992,-0.0718618622574281,-0.01850698176844489,-0.9136879863305022,0.0006803690395714295,-0.0031383022958193165,-8.004107472276086e-05,7.835966797266629e-06,-6.887621202997756e-05,1.418167776990954e-06,52.94
-0.3985648178823572,-0.0721970599834118,-0.01829834125399027,-0.9141109567134111,0.0008348895078279669,-0.003504725397330109,-8.339773472131558e-05,8.866411113907927e-06,-7.338004163775271e-05,1.4232862090811231e-06,53.94
-0.3985081503623469,-0.07197785168185758,-0.018264936502127092,-0.9141536167716119,0.0008348895078279669,-0.003504725397330109,-8.339773472131558e-05,8.866411113907927e-06,-7.338004163775271e-05,1.4232862090811231e-06,53.94
-0.39849495520574846,-0.0719912511308923,-0.017787237192097596,-0.9141677333122459,0.001004788657431934,-0.0038956884467346215,-8.647215810460579e-05,9.908387589188128e-06,-7.79224931237214e-05,1.4258168707114827e-06,54.94
-0.39848702429473315,-0.07186080740818342,-0.017876585193820356,-0.9141797107402794,0.001004788657431934,-0.0038956884467346215,-8.647215810460579e-05,9.908387589188128e-06,-7.79224931237214e-05,1.4258168707114827e-06,54.94
-0.3988155149706422,-0.0717668846378372,-0.017426558258919266,-0.9140525227553006,0.001190193071153021,-0.004309988321172553,-8.936993405236606e-05,1.0962458882439205e-05,-8.249269509488918e-05,1.4263694920540823e-06,55.94
-0.39890379933687464,-0.0716042766787809,-0.01740801066865235,-0.9140271044123776,0.001190193071153021,-0.004309988321172553,-8.936993405236606e-05,1.0962458882439205e-05,-8.249269509488918e-05,1.4263694920540823e-06,55.94
-0.3984115828774389,-0.07175789588388078,-0.01716237127759577,-0.9142343616488837,0.001386027084481331,-0.004736314928774927,-9.197454400097888e-05,1.2002762074517514e-05,-8.700482516871307e-05,1.4255500659638767e-06,56.94
-0.3984525937642579,-0.07159422469563546,-0.01719357641072589,-0.9142287342033035,0.001386027084481331,-0.004736314928774927,-9.197454400097888e-05,1.2002762074517514e-05,-8.700482516871307e-05,1.4255500659638767e-06,56.94
-0.39885678761632015,-0.0714418425687125,-0.016654431783064753,-0.9140743711562863,0.0015968063748786777,-0.005187745378773317,-9.429435992794016e-05,1.3059878843136924e-05,-9.155783157356847e-05,1.4216443913360307e-06,57.94
-0.39890770552251714,-0.07112792299781275,-0.016798399535342446,-0.914073998545976,0.0015968063748786777,-0.005187745378773317,-9.429435992794016e-05,1.3059878843136924e-05,-9.155783157356847e-05,1.4216443913360307e-06,57.94
-0.3994754136818598,-0.07100132513406367,-0.01623222095344454,-0.9138461143408296,0.0018207554786185164,-0.00565937149870307,-9.639961731317647e-05,1.412871012664646e-05,-9.612343409755685e-05,1.4158410526297875e-06,58.94
-0.3994681929780093,-0.07065975553411849,-0.01627721363526522,-0.9138749444333258,0.0018207554786185164,-0.00565937149870307,-9.639961731317647e-05,1.412871012664646e-05,-9.612343409755685e-05,1.4158410526297875e-06,58.94
-0.39954996607186927,-0.07074861097516312,-0.015774367724053506,-0.9138411393562667,0.002052481754186196,-0.006141868781811066,-9.814865641430645e-05,1.518988987578369e-05,-0.00010063731857677189,1.4075877192696444e-06,59.94
-0.3994432543812447,-0.07036473068563588,-0.01582812090169186,-0.9139164960725787,0.002052481754186196,-0.006141868781811066,-9.814865641430645e-05,1.518988987578369e-05,-0.00010063731857677189,1.4075877192696444e-06,59.94
-0.4010730079424803,-0.0700845644532082,-0.015210069692414707,-0.9132344988584953,0.0023030098688847965,-0.006658803304311663,-9.966287338846494e-05,1.62918179397013e-05,-0.00010525543889881273,1.3957826498671672e-06,60.94
-0.4010231813090006,-0.06981723305556056,-0.015199461629793869,-0.913277032661743,0.0023030098688847965,-0.006658803304311663,-9.966287338846494e-05,1.62918179397013e-05,-0.00010525543889881273,1.3957826498671672e-06,60.94
-0.4002696389170427,-0.07029073176165179,-0.01523441612371326,-0.9135706550426199,0.0025558957330006414,-0.007170161927889134,-0.00010100506604378117,1.7355087988436726e-05,-0.00010972397164260613,1.3844007356918703e-06,61.94
-0.40029951643472966,-0.06988762173095596,-0.015210968708395054,-0.913588881227144,0.0025558957330006414,-0.007170161927889134,-0.00010100506604378117,1.7355087988436726e-05,-0.00010972397164260613,1.3844007356918703e-06,61.94
-0.40057497023068267,-0.07002037692745915,-0.014883632498206375,-0.9134633640837942,0.002824205140674818,-0.00770777104019265,-0.00010207747867263471,1.8436700240993365e-05,-0.00011424001264219174,1.3706855931888085e-06,62.94
-0.4004936503219523,-0.06965424793554938,-0.014964971268322897,-0.9135256818673841,0.002824205140674818,-0.00770777104019265,-0.00010207747867263471,1.8436700240993365e-05,-0.00011424001264219174,1.3706855931888085e-06,62.94
-0.4021328750349239,-0.06944365376819732,-0.014756685008765895,-0.9128247203132818,0.00311798420746878,-0.008285844319617394,-0.00010323244756961402,1.9568627949834027e-05,-0.00011889468867401045,1.352605237507328e-06,63.94
-0.4030029662979482,-0.06399194719868369,-0.016643746126133178,-0.9128070034589264,0.00311798420746878,-0.008285844319617394,-0.00010323244756961402,1.9568627949834027e-05,-0.00011889468867401045,1.352605237507328e-06,63.94
-0.40028077795181655,-0.0674309592047618,-0.01777235183088163,-0.9137354694075378,0.0034390876219642305,-0.008841433995176794,-0.0001078019888827151,2.06974431531582e-05,-0.00012346873470994062,1.3576193884538398e-06,64.94
-0.40013032084364597,-0.06877468561888321,-0.017817444639620723,-0.9137003379807291,0.0034390876219642305,-0.008841433995176794,-0.0001078019888827151,2.06974431531582e-05,-0.00012346873470994062,1.3576193884538398e-06,64.94
-0.399829217211023,-0.06959545506438479,-0.017240615756868066,-0.9137810628739937,0.003769721763926547,-0.00942581647174551,-0.00011165078023909511,2.1801158453540247e-05,-0.00012800309451293523,1.357877001815253e-06,65.94
-0.39976212414039375,-0.06785529097981564,-0.01723934238919797,-0.9139413048236703,0.003769721763926547,-0.00942581647174551,-0.00011165078023909511,2.1801158453540247e-05,-0.00012800309451293523,1.357877001815253e-06,65.94
-0.4050914171602821,-0.06753289546290629,-0.01543802792579659,-0.9116479139817263,0.004113053509922274,-0.010050121556555089,-0.00011463316059891325,2.299048826022358e-05,-0.00013269767419107583,1.3422419214092998e-06,66.94
-0.40501960011099136,-0.06680855484263575,-0.0159732102318083,-0.9117239697850777,0.004113053509922274,-0.010050121556555089,-0.00011463316059891325,2.299048826022358e-05,-0.00013269767419107583,1.3422419214092998e-06,66.94
-0.41025026120756414,-0.06636967989362315,-0.014191252407237634,-0.9094440043922758,0.004459246877571107,-0.0106926623973193,-0.00011724326659405857,2.4214958038250452e-05,-0.00013740169377528827,1.3197812545490313e-06,67.94
-0.41007656561350114,-0.06585358566447458,-0.014038013902909745,-0.9095622297322099,0.004459246877571107,-0.0106926623973193,-0.00011724326659405857,2.4214958038250452e-05,-0.00013740169377528827,1.3197812545490313e-06,67.94
-0.4171440855242508,-0.06524620176290025,-0.011674491412108507,-0.9064201295855692,0.00479008274271147,-0.011349980383279345,-0.00011789253982225122,2.5485532007248423e-05,-0.00014206817087473642,1.2827024279197414e-06,68.94
-0.4169439415331713,-0.06444997566412237,-0.010984462087181393,-0.9065777913937296,0.00479008274271147,-0.011349980383279345,-0.00011789253982225122,2.5485532007248423e-05,-0.00014206817087473642,1.2827024279197414e-06,68.94
-0.4242358750313296,-0.06420641961111084,-0.009200943041095538,-0.9032257750221029,0.0051055015514348484,-0.01202486531365803,-0.00011615978466284449,2.6792550422553283e-05,-0.0001467017323012647,1.2336677097001803e-06,69.94
-0.42410192230463595,-0.06370340978096546,-0.009702066733919346,-0.9033190493844805,0.0051055015514348484,-0.01202486531365803,-0.00011615978466284449,2.6792550422553283e-05,-0.0001467017323012647,1.2336677097001803e-06,69.94
-0.4306572852651023,-0.06265753041213569,-0.007510862577708055,-0.9003065719376281,0.005407961800067149,-0.012702945861433466,-0.00011361033524342649,2.81321356633288e-05,-0.00015128305115338423,1.1777052932475117e-06,70.94
-0.43027116093715767,-0.06193016234131227,-0.007541128417898477,-0.9005412341699596,0.005407961800067149,-0.012702945861433466,-0.00011361033524342649,2.81321356633288e-05,-0.00015128305115338423,1.1777052932475117e-06,70.94
-0.4359432168183131,-0.06133800261750922,-0.006045034528350657,-0.8978611355340796,0.005689708455267635,-0.01336181693941211,-0.00011013766922676487,2.946693752833458e-05,-0.00015572026422459355,1.1154972249848518e-06,71.94
-0.436137068620156,-0.06057547093431917,-0.006153211800484104,-0.8978180259278832,0.005689708455267635,-0.01336181693941211,-0.00011013766922676487,2.946693752833458e-05,-0.00015572026422459355,1.1154972249848518e-06,71.94
-0.44175992115312834,-0.05953057042570701,-0.005416594953030405,-0.8951396224872892,0.0059830318846797615,-0.014052330137486552,-0.00010621548420329095,3.0892152708571e-05,-0.0001602814113600948,1.0467948530676478e-06,72.94
-0.44174470747677513,-0.058982204171493136,-0.005390609147292854,-0.895183586947589,0.0059830318846797615,-0.014052330137486552,-0.00010621548420329095,3.0892152708571e-05,-0.0001602814113600948,1.0467948530676478e-06,72.94
-0.44976637798170827,-0.056817449916156844,-0.0028978867548214997,-0.8913324771793052,0.006238939468465362,-0.014717223029795173,-0.00010035406371271862,3.234354050233954e-05,-0.00016470871094537452,9.690369280457996e-07,73.94
-0.44976844564474555,-0.05593153340739982,-0.0029734465992936965,-0.8913872152371987,0.006238939468465362,-0.014717223029795173,-0.00010035406371271862,3.234354050233954e-05,-0.00016470871094537452,9.690369280457996e-07,73.94
-0.46199948207203395,-0.05174499136824325,0.001837504054960848,-0.8853674706088545,0.006427224478210527,-0.015355049896113153,-9.053169824846559e-05,3.387123797746625e-05,-0.00016904703213761486,8.741257194902823e-07,74.94
-0.4619654464343413,-0.0511187699539723,0.00163975751510821,-0.8854219947880243,0.006427224478210527,-0.015355049896113153,-9.053169824846559e-05,3.387123797746625e-05,-0.00016904703213761486,8.741257194902823e-07,74.94
-0.475587944977378,-0.04608423448466737,0.0071527657661057545,-0.8784310945464373,0.006534655540902707,-0.015962674751117113,-7.626009340829711e-05,3.5485813488655104e-05,-0.0001732963778573213,7.644085036748698e-07,75.94
-0.4755333620025155,-0.04533609640388367,0.0071165217225026695,-0.8784998663084791,0.006534655540902707,-0.015962674751117113,-7.626009340829711e-05,3.5485813488655104e-05,-0.0001732963778573213,7.644085036748698e-07,75.94
-0.49061367781422655,-0.039495262350436586,0.013057031723533771,-0.8703837414129697,0.0065439712871828435,-0.016538532828527523,-5.658439868889326e-05,3.721931951224328e-05,-0.00017748781491609068,6.39520582873977e-07,76.94
-0.4906592276607128,-0.03861562198346594,0.013000365564886648,-0.8703983838136431,0.0065439712871828435,-0.016538532828527523,-5.658439868889326e-05,3.721931951224328e-05,-0.00017748781491609068,6.39520582873977e-07,76.94
-0.5107472306611003,-0.03351894308764179,0.016974061080856105,-0.8589095575651302,0.006474964178506793,-0.017077631759575003,-3.3415521753712586e-05,3.908567419966648e-05,-0.00018160973168286548,5.0710772034776e-07,77.94
-0.5107645182622316,-0.03268708647570477,0.016850559414251735,-0.8589337692217643,0.006474964178506793,-0.017077631759575003,-3.3415521753712586e-05,3.908567419966648e-05,-0.00018160973168286548,5.0710772034776e-07,77.94
-0.5293582354080398,-0.028809695115263663,0.019905861364194057,-0.8476754194598316,0.006345680586126655,-0.017567893778085413,-8.595931505639057e-06,4.1015768119769687e-05,-0.00018556264016181842,3.7424492776854256e-07,78.94
-0.5292642243318659,-0.027678096626513615,0.019786990418965842,-0.8477746037831525,0.006345680586126655,-0.017567893778085413,-8.595931505639057e-06,4.1015768119769687e-05,-0.00018556264016181842,3.7424492776854256e-07,78.94
-0.5481248513272785,-0.024177186149362147,0.022552090886093907,-0.8357427919067046,0.006156469263274241,-0.018016643828650734,1.8061743905246477e-05,4.303755980426587e-05,-0.00018939268417978737,2.417527138801459e-07,79.94
-0.5482119309579276,-0.0231459822799476,0.02271613604009999,-0.8357104279731613,0.006156469263274241,-0.018016643828650734,1.8061743905246477e-05,4.303755980426587e-05,-0.00018939268417978737,2.417527138801459e-07,79.94
-0.5674320467832615,-0.019792964897801517,0.02545049266018777,-0.8227887841039563,0.00590352768223654,-0.01842471596633264,4.6544514159855933e-05,4.5129052274435304e-05,-0.00019307439161790613,1.1203091577104511e-07,80.94
-0.5674298998547535,-0.019295763257129037,0.02473141402228315,-0.8228240027075094,0.00590352768223654,-0.01842471596633264,4.6544514159855933e-05,4.5129052274435304e-05,-0.00019307439161790613,1.1203091577104511e-07,80.94
-0.5837594252192075,-0.01623594076954533,0.0278248862668057,-0.811287312485107,0.005598860059637453,-0.01879837333323674,7.575020992064852e-05,4.7255460317576734e-05,-0.00019661018166383692,-1.1726431770681064e-08,81.93999999999998
-0.5837011331445142,-0.015098649397978623,0.027643585808310448,-0.8113574120668559,0.005598860059637453,-0.01879837333323674,7.575020992064852e-05,4.7255460317576734e-05,-0.00019661018166383692,-1.1726431770681064e-08,81.93999999999998
-0.5994211610899446,-0.012389551949870094,0.030432625520879802,-0.7997591049459644,0.005232668928355744,-0.019138509342804054,0.00010643256746669463,4.944271169357187e-05,-0.00020003111298126964,-1.307890202181971e-07,82.93999999999998
-0.599576471353656,-0.011106439949357907,0.030039268032490875,-0.7996763997810752,0.005232668928355744,-0.019138509342804054,0.00010643256746669463,4.944271169357187e-05,-0.00020003111298126964,-1.307890202181971e-07,82.93999999999998
-0.6299814843125506,-0.0004948546406875482,0.04155549490118731,-0.7754974051444384,0.004700450258282253,-0.019345600695952814,0.00013776337632434975,5.152523473323777e-05,-0.0002028979263027128,-2.294910124974476e-07,83.93999999999998
-0.6300175961945096,0.00011817045391373676,0.041120656223936264,-0.7754913965691357,0.004700450258282253,-0.019345600695952814,0.00013776337632434975,5.152523473323777e-05,-0.0002028979263027128,-2.294910124974476e-07,83.93999999999998
-0.6506904244137426,0.006534969561891404,0.048413485382452416,-0.757770018001644,0.004075848523369126,-0.019491723925407132,0.0001676082654264902,5.354472717093272e-05,-0.00020545924563652367,-3.105513390371273e-07,84.93999999999998
-0.6506968391696931,0.0073694011526138255,0.0477342383587977,-0.757799945836319,0.004075848523369126,-0.019491723925407132,0.0001676082654264902,5.354472717093272e-05,-0.00020545924563652367,-3.105513390371273e-07,84.93999999999998
-0.6617235273822852,0.009380832393768274,0.05127822079142154,-0.7479334979560763,0.003419055246226707,-0.01961822605977092,0.00019628284847181068,5.55192902366893e-05,-0.00020787204335767818,-3.8290458937557435e-07,85.93999999999998
-0.6618886178696866,0.010298239737729928,0.05060891809827639,-0.7478209285663129,0.003419055246226707,-0.01961822605977092,0.00019628284847181068,5.55192902366893e-05,-0.00020787204335767818,-3.8290458937557435e-07,85.93999999999998
-0.6603376586192098,0.007069766788244917,0.05144950826845057,-0.7491709705439702,0.0028061899729875323,-0.019769976981260283,0.0002242534229683147,5.74056931497631e-05,-0.00021020429890003382,-4.598607342177258e-07,86.93999999999998
-0.6603126831366524,0.008099748586148174,0.05094476029884028,-0.7492170486313093,0.0028061899729875323,-0.019769976981260283,0.0002242534229683147,5.74056931497631e-05,-0.00021020429890003382,-4.598607342177258e-07,86.93999999999998
-0.6534451641599087,0.003368049882108637,0.05080199565648832,-0.7552597109030373,0.0022182802537799966,-0.019965742876625676,0.00025328116887999577,5.926703139252935e-05,-0.00021258389263388507,-5.453985575195817e-07,87.93999999999998
-0.6534623707733648,0.004250226274538687,0.05033715544578355,-0.7552714984305287,0.0022182802537799966,-0.019965742876625676,0.00025328116887999577,5.926703139252935e-05,-0.00021258389263388507,-5.453985575195817e-07,87.93999999999998
-0.6001946615759066,-0.018010568907961252,0.0303234295006366,-0.7990760146861591,0.0019863680045179096,-0.020285071849663987,0.0002743630156692632,6.107982785433553e-05,-0.0002149745889144168,-5.594542192524237e-07,88.93999999999998
-0.6166885639211833,-0.022211264336081133,0.03567971644375031,-0.7860844946314072,0.0019863680045179096,-0.020285071849663987,0.0002743630156692632,6.107982785433553e-05,-0.0002149745889144168,-5.594542192524237e-07,88.93999999999998
-0.5834919074182151,-0.029021168303044,0.04449275430316853,-0.8103797631865554,0.0016700279482398219,-0.020744391599239683,0.00030038183484089304,6.261818352461455e-05,-0.0002172837365972246,-6.067150714197296e-07,89.93999999999998
-0.5772759001406537,-0.012370907863380338,0.038127401909781686,-0.8155647104792139,0.0016700279482398219,-0.020744391599239683,0.00030038183484089304,6.261818352461455e-05,-0.0002172837365972246,-6.067150714197296e-07,89.93999999999998
-0.5816927778352564,-0.013569358919732192,0.04588036177954131,-0.8120002322141225,0.0012478321957547227,-0.021096445301501163,0.0003382267222608909,6.434425630480626e-05,-0.00021991640174392894,-7.091015832515099e-07,90.93999999999998
-0.5836800664199782,-0.01573170972377689,0.04779509222392334,-0.8104231749724604,0.0012478321957547227,-0.021096445301501163,0.0003382267222608909,6.434425630480626e-05,-0.00021991640174392894,-7.091015832515099e-07,90.93999999999998
-0.5691568650410935,-0.021369037410912558,0.05278007995267535,-0.8202548935403644,0.0008409994605193313,-0.0215119301874656,0.0003742151666258095,6.58911693110686e-05,-0.00022231081540578855,-8.063959267460879e-07,91.93999999999998
-0.5687624026359839,-0.020585541316827303,0.05380842383524742,-0.8204816989798143,0.0008409994605193313,-0.0215119301874656,0.0003742151666258095,6.58911693110686e-05,-0.00022231081540578855,-8.063959267460879e-07,91.93999999999998
-0.5580107738405863,-0.024491926709322424,0.056219656167461864,-0.8275647842098572,0.0003787518598008691,-0.02201532528776959,0.0004158210025924246,6.747860415956406e-05,-0.00022488086408548193,-9.20319464049475e-07,92.93999999999998
-0.5579500303947845,-0.02235921626704734,0.05458816333392207,-0.8277753085555352,0.0003787518598008691,-0.02201532528776959,0.0004158210025924246,6.747860415956406e-05,-0.00022488086408548193,-9.20319464049475e-07,92.93999999999998
-0.5445848839053247,-0.02722543550338552,0.05775935086444506,-0.8362714495133701,-5.692086567890374e-05,-0.022525687928820086,0.0004570399204810021,6.895308775587997e-05,-0.00022738678492489336,-1.036289914271636e-06,93.93999999999998
-0.5442921218726642,-0.027255637462070114,0.0573460575006815,-0.8364894775088433,-5.692086567890374e-05,-0.022525687928820086,0.0004570399204810021,6.895308775587997e-05,-0.00022738678492489336,-1.036289914271636e-06,93.93999999999998
-0.5302016330783953,-0.031585968519632114,0.05840708953825256,-0.845267511954263,-0.0005011330095046635,-0.023113729255018797,0.0005007072737497044,7.042036683916848e-05,-0.0002300248275335058,-1.1567532506859426e-06,94.93999999999998
-0.5301189202839441,-0.030263891302320385,0.0575554854550508,-0.8454261607818034,-0.0005011330095046635,-0.023113729255018797,0.0005007072737497044,7.042036683916848e-05,-0.0002300248275335058,-1.1567532506859426e-06,94.93999999999998
-0.5183088710389336,-0.03469700923638229,0.05799895770202374,-0.8525187110309517,-0.0009236136260529961,-0.02373246808400655,0.0005446929993184516,7.184157412914874e-05,-0.00023269490818393027,-1.276975139583172e-06,95.93999999999998
-0.5183007020068646,-0.034311291261070846,0.0576320862902603,-0.8525641678026475,-0.0009236136260529961,-0.02373246808400655,0.0005446929993184516,7.184157412914874e-05,-0.00023269490818393027,-1.276975139583172e-06,95.93999999999998
-0.5082370714428404,-0.037659991738266944,0.05780267627698069,-0.8584495645340484,-0.0013439744036077442,-0.024406486237847594,0.0005900997765486588,7.32628817950263e-05,-0.00023545775388223708,-1.3979106765302125e-06,96.93999999999998
-0.5080859835394907,-0.036915917779475664,0.05705605040188691,-0.8586212526240802,-0.0013439744036077442,-0.024406486237847594,0.0005900997765486588,7.32628817950263e-05,-0.00023545775388223708,-1.3979106765302125e-06,96.93999999999998
-0.4976483167297521,-0.041318541530495995,0.0565826214421637,-0.8645445841207785,-0.001722208021569098,-0.025097020781977227,0.000633607758620404,7.461951196491202e-05,-0.00023820783555768897,-1.5165653206947512e-06,97.93999999999998
-0.4976350056588406,-0.04083450200618492,0.0562706312294612,-0.8645956052686541,-0.001722208021569098,-0.025097020781977227,0.000633607758620404,7.461951196491202e-05,-0.00023820783555768897,-1.5165653206947512e-06,97.93999999999998
-0.48943563189178635,-0.043884897908945376,0.05592859316899867,-0.8691368536866596,-0.0020927037568867555,-0.025836714984937746,0.0006780838997912905,7.598169532447487e-05,-0.0002410409122098809,-1.634496246420128e-06,98.93999999999998
-0.48952241448924616,-0.04317084603274456,0.05533839815466625,-0.8691615186230415,-0.0020927037568867555,-0.025836714984937746,0.0006780838997912905,7.598169532447487e-05,-0.0002410409122098809,-1.634496246420128e-06,98.93999999999998
-0.48323361039740487,-0.04536550551924691,0.05532631803020351,-0.8725630333818257,-0.0024572922004657627,-0.026609724886684956,0.0007230783962267251,7.734635931612505e-05,-0.00024393668961373617,-1.750615533778626e-06,99.93999999999998
-0.48322911251406414,-0.04399221939827052,0.05451083482052367,-0.8726871594898449,-0.0024572922004657627,-0.026609724886684956,0.0007230783962267251,7.734635931612505e-05,-0.00024393668961373617,-1.750615533778626e-06,99.93999999999998
-0.4785835355853992,-0.0460862581886267,0.05481985612150653,-0.8751163577762489,-0.0028124796517939475,-0.027392623838190716,0.0007679654795076712,7.870381088631789e-05,-0.00024684826321628355,-1.8641403355992665e-06,100.93999999999998
-0.4785394175259947,-0.04545751129160133,0.05444025946596966,-0.8751970627751978,-0.0028124796517939475,-0.027392623838190716,0.0007679654795076712,7.870381088631789e-05,-0.00024684826321628355,-1.8641403355992665e-06,100.93999999999998
-0.47232804595071437,-0.04812084058784255,0.05368422719732645,-0.8784694675739876,-0.0031480692099069,-0.028203017352387786,0.0008124407657462076,8.00537187544433e-05,-0.0002497999890794486,-1.9743037389158032e-06,101.93999999999998
-0.4724087433239081,-0.0466872661832882,0.052948319966734596,-0.878548094198694,-0.0031480692099069,-0.028203017352387786,0.0008124407657462076,8.00537187544433e-05,-0.0002497999890794486,-1.9743037389158032e-06,101.93999999999998
-0.4652013273637727,-0.050293985081897453,0.05208399000769122,-0.8822389121255333,-0.003449302075068624,-0.029017896252229468,0.0008555334957329363,8.136961510380273e-05,-0.00025274311149436326,-2.0794753801714346e-06,102.93999999999998
-0.4652455157634914,-0.048923852987484584,0.05120265742565984,-0.8823442381198918,-0.003449302075068624,-0.029017896252229468,0.0008555334957329363,8.136961510380273e-05,-0.00025274311149436326,-2.0794753801714346e-06,102.93999999999998
-0.45765271256145607,-0.053012351658755376,0.0504283341235764,-0.8861154938123308,-0.0037143222544515145,-0.029842485247454545,0.0008970672527593834,8.264624420004447e-05,-0.00025567872818833164,-2.1791388917325575e-06,103.93999999999998
-0.457670431994535,-0.052057870129155054,0.04951118351485878,-0.8862146447348461,-0.0037143222544515145,-0.029842485247454545,0.0008970672527593834,8.264624420004447e-05,-0.00025567872818833164,-2.1791388917325575e-06,103.93999999999998
-0.4732428679355834,-0.04630392235132284,0.05419892637207698,-0.8780430576589628,-0.004083299379447448,-0.03068997711760055,0.0009432369320347159,8.407675747821039e-05,-0.00025887585826400586,-2.3617941612282634e-06,104.93999999999998
-0.4733467127414619,-0.042049050716944314,0.05014468478361855,-0.8784419602105807,-0.004083299379447448,-0.03068997711760055,0.0009432369320347159,8.407675747821039e-05,-0.00025887585826400586,-2.3617941612282634e-06,104.93999999999998
-0.47591113891455955,-0.04391268726661592,0.051540470453179645,-0.8768830273528712,-0.0044102164291255795,-0.031445090352748006,0.0009843701211521255,8.54476336827564e-05,-0.0002619159134775652,-2.5235695869975624e-06,105.93999999999998
-0.4750312968995409,-0.04428928488526764,0.0511063817130558,-0.8773664365352092,-0.0044102164291255795,-0.031445090352748006,0.0009843701211521255,8.54476336827564e-05,-0.0002619159134775652,-2.5235695869975624e-06,105.93999999999998
-0.46997008986744643,-0.04799648747313695,0.048758059472839316,-0.8800267629206902,-0.004690380162228418,-0.0322426430827791,0.0010223825268019355,8.681823391060338e-05,-0.0002650001098825699,-2.6710904965625374e-06,106.93999999999998
-0.47064470812039205,-0.047115044189954776,0.04917176923281116,-0.8796907800129341,-0.004690380162228418,-0.0322426430827791,0.0010223825268019355,8.681823391060338e-05,-0.0002650001098825699,-2.6710904965625374e-06,106.93999999999998
-0.47658070677188524,-0.04579454696346405,0.05292894768691335,-0.8763402398029987,-0.005027344072080345,-0.03303959949962034,0.001064014970816865,8.800994633329016e-05,-0.00026816363482679,-2.90317217514354e-06,107.93999999999998
-0.4648933578511018,-0.03874259820456095,0.059046461248961506,-0.8825455752108567,-0.005027344072080345,-0.03303959949962034,0.001064014970816865,8.800994633329016e-05,-0.00026816363482679,-2.90317217514354e-06,107.93999999999998
-0.5085268147149079,-0.035511433892218766,0.07242025790249022,-0.8572600089962001,-0.005580230917151678,-0.03378244126947046,0.0011200082443109402,8.903635099379453e-05,-0.00027081405776819607,-3.0658103720581063e-06,108.93999999999998
-0.47665387153371697,-0.04818264604697262,0.053189884535116944,-0.8761565816422153,-0.005580230917151678,-0.03378244126947046,0.0011200082443109402,8.903635099379453e-05,-0.00027081405776819607,-3.0658103720581063e-06,108.93999999999998
-0.44501579369147237,-0.05574070278311577,0.049848997504448926,-0.8923950889971294,-0.005767623437388209,-0.03459324174648567,0.0011259713491743593,8.961813189260001e-05,-0.00027322838977581165,-3.237768586254382e-06,109.93999999999998
-0.40911645019007137,-0.0331757045741468,0.05675238511488589,-0.9101111303536813,-0.005767623437388209,-0.03459324174648567,0.0011259713491743593,8.961813189260001e-05,-0.00027322838977581165,-3.237768586254382e-06,109.93999999999998
-0.3829481280218258,-0.04979747323176465,0.04076182868396937,-0.9215255917372288,-0.0058787730948834035,-0.035419830544584446,0.0011524948837486892,9.03116354440952e-05,-0.0002760395025734144,-3.3340673982774152e-06,110.93999999999998
-0.36884218891544246,-0.052778978220054146,0.03762114553791593,-0.927229458409582,-0.0058787730948834035,-0.035419830544584446,0.0011524948837486892,9.03116354440952e-05,-0.0002760395025734144,-3.3340673982774152e-06,110.93999999999998
-0.3402183888363314,-0.06571293610076517,0.019661567011961752,-0.937841500846098,-0.0056409527094258,-0.036331800493049814,0.0011470750866097647,9.085933336874006e-05,-0.000279037356807283,-3.4071551710439266e-06,111.93999999999998
-0.33973713486692647,-0.06353479425560941,0.019481342527807335,-0.9381697535119234,-0.0056409527094258,-0.036331800493049814,0.0011470750866097647,9.085933336874006e-05,-0.000279037356807283,-3.4071551710439266e-06,111.93999999999998
-0.3203584165727565,-0.07175228865079974,0.0110500218233125,-0.9445104504567818,-0.005277293551438179,-0.03723015383683019,0.0011344110761965572,9.129364408891856e-05,-0.0002820671921687193,-3.450168040710192e-06,112.93999999999998
-0.32081073458292,-0.06984402071882694,0.010250016200069942,-0.9445089848773773,-0.005277293551438179,-0.03723015383683019,0.0011344110761965572,9.129364408891856e-05,-0.0002820671921687193,-3.450168040710192e-06,112.93999999999998
-0.3120374620893409,-0.07525640236015398,0.006772493440218755,-0.9470603093199779,-0.004863001120392196,-0.03810848407299012,0.0011179849019532797,9.166512420429436e-05,-0.000285030808253179,-3.4837031429658416e-06,113.93999999999998
-0.31192565620652474,-0.07317071888098847,0.005148365772201368,-0.9472707771426518,-0.004863001120392196,-0.03810848407299012,0.0011179849019532797,9.166512420429436e-05,-0.000285030808253179,-3.4837031429658416e-06,113.93999999999998
-0.3084536357065542,-0.07717751636989784,0.0037571123779491854,-0.9480959179813834,-0.004411270940880914,-0.038984544012240566,0.0010969431393042137,9.202006434156928e-05,-0.00028799059746460336,-3.509331317941727e-06,114.93999999999998
-0.30846299832969243,-0.07472320885456146,0.0029851093450866673,-0.9482922069921969,-0.004411270940880914,-0.038984544012240566,0.0010969431393042137,9.202006434156928e-05,-0.00028799059746460336,-3.509331317941727e-06,114.93999999999998
-0.30957092730000474,-0.0777712800816615,0.003027338415217225,-0.9476857623638728,-0.003947119959061826,-0.03987228580573345,0.0010741618368836053,9.239433836163724e-05,-0.00029097942374599263,-3.530395493457044e-06,115.93999999999998
-0.3096426429327426,-0.07600341892640469,0.002148539074035974,-0.9478081545170262,-0.003947119959061826,-0.03987228580573345,0.0010741618368836053,9.239433836163724e-05,-0.00029097942374599263,-3.530395493457044e-06,115.93999999999998
-0.30983802722241255,-0.07883798045392987,0.001838995730880755,-0.9475133707866983,-0.003477702849125926,-0.04074664131636048,0.0010497502069775518,9.276241904376872e-05,-0.00029391596718541434,-3.548721867320467e-06,116.93999999999998
-0.3099338216368656,-0.07711535299700246,0.0010521921691068325,-0.9476250004244055,-0.003477702849125926,-0.04074664131636048,0.0010497502069775518,9.276241904376872e-05,-0.00029391596718541434,-3.548721867320467e-06,116.93999999999998
-0.30976634975529477,-0.07971693948661258,0.0007858924748414706,-0.947464722557619,-0.003004462889991509,-0.04160929753069049,0.0010240869826077588,9.312281682787493e-05,-0.0002968107559782796,-3.5657036234975367e-06,117.93999999999998
-0.3099246037611537,-0.07775876890712487,-3.417736326623873e-05,-0.9475760194693869,-0.003004462889991509,-0.04160929753069049,0.0010240869826077588,9.312281682787493e-05,-0.0002968107559782796,-3.5657036234975367e-06,117.93999999999998
-0.310157769010386,-0.08012957692074722,1.911389860941608e-05,-0.9473021739971154,-0.0025283887251236017,-0.04246585481943375,0.0009971815209589433,9.348872651830478e-05,-0.00029968313446224816,-3.581118906394447e-06,118.93999999999998
-0.31022638319813534,-0.07801284351950875,-0.0007300531654883571,-0.9474560963106312,-0.0025283887251236017,-0.04246585481943375,0.0009971815209589433,9.348872651830478e-05,-0.00029968313446224816,-3.581118906394447e-06,118.93999999999998
-0.31361118134620375,-0.08002302271768391,-0.00015894704707193445,-0.9461735134242555,-0.0020479359248598717,-0.04333278407111489,0.0009686941732807612,9.388366885386366e-05,-0.00030258599685486186,-3.5965319227727797e-06,119.93999999999998
-0.3135891066473343,-0.07797836899818256,-0.0015231228382818064,-0.946350318992565,-0.0020479359248598717,-0.04333278407111489,0.0009686941732807612,9.388366885386366e-05,-0.00030258599685486186,-3.5965319227727797e-06,119.93999999999998
-0.3174520499179454,-0.08000131663341539,-0.0011470354882785908,-0.9448929408400738,-0.0015554947232990428,-0.04420441907829643,0.0009366795165208121,9.430639484626983e-05,-0.00030550980114232927,-3.613034129473766e-06,120.93999999999998
-0.31751482127598446,-0.0780182575006488,-0.0013499029891245829,-0.9450373894870837,-0.0015554947232990428,-0.04420441907829643,0.0009366795165208121,9.430639484626983e-05,-0.00030550980114232927,-3.613034129473766e-06,120.93999999999998
-0.321333993133111,-0.08005656261834648,-0.0013043698977783182,-0.9435749627125734,-0.00106566826727187,-0.04507404901103308,0.0009044510573235489,9.475562281040637e-05,-0.00030842044838708484,-3.628673427604748e-06,121.93999999999998
-0.3214753755843485,-0.07782267243659662,-0.0019867639629896844,-0.9437124918727543,-0.00106566826727187,-0.04507404901103308,0.0009044510573235489,9.475562281040637e-05,-0.00030842044838708484,-3.628673427604748e-06,121.93999999999998
-0.32333021444760934,-0.08012949226055972,-0.002071596676134445,-0.9428852238647816,-0.0005838220780979818,-0.04591837614169709,0.0008717392583661924,9.520121384840301e-05,-0.0003112720385062051,-3.644274349247347e-06,122.93999999999998
-0.3233174990237899,-0.07793766581902471,-0.0029453751549040554,-0.9430709622488015,-0.0005838220780979818,-0.04591837614169709,0.0008717392583661924,9.520121384840301e-05,-0.0003112720385062051,-3.644274349247347e-06,122.93999999999998
-0.322605741941425,-0.0804484466309288,-0.003012974829643203,-0.9431036553230877,-0.00010436587820295099,-0.04674329622484624,0.0008381955117993491,9.563761794798394e-05,-0.0003140804343303967,-3.6579410054911577e-06,123.93999999999998
-0.3225968599096544,-0.07754261938843098,-0.004011334846736195,-0.9433463400827711,-0.00010436587820295099,-0.04674329622484624,0.0008381955117993491,9.563761794798394e-05,-0.0003140804343303967,-3.6579410054911577e-06,123.93999999999998
-0.3267746059495569,-0.07884420859936621,-0.00013916164656315784,-0.9418077979667017,0.0003631997702823472,-0.04761736855011324,0.0008042618832764419,9.614295338754502e-05,-0.0003171704771537977,-3.65930633708844e-06,124.93999999999998
-0.3271266792368974,-0.07742568654290653,0.0008066144416397495,-0.941802924272346,0.0003631997702823472,-0.04761736855011324,0.0008042618832764419,9.614295338754502e-05,-0.0003171704771537977,-3.65930633708844e-06,124.93999999999998
-0.3229525831965791,-0.08016043465413898,0.0003857548276961466,-0.9430142018633277,0.0008088192092932845,-0.04846661883965015,0.0007752010634778483,9.662061235877895e-05,-0.0003201337721316623,-3.65507111894106e-06,125.93999999999998
-0.3238449542184278,-0.07841438423586183,0.00048110805612594433,-0.9428549191191684,0.0008088192092932845,-0.04846661883965015,0.0007752010634778483,9.662061235877895e-05,-0.0003201337721316623,-3.65507111894106e-06,125.93999999999998
-0.39086660978297433,-0.07260916014094634,0.00551818339790871,-0.917562397263738,0.0012293267385480706,-0.0494351536012599,0.0007388354305768143,9.743034901050751e-05,-0.00032336160143185005,-3.7447384015225856e-06,126.93999999999998
-0.3853326221031187,-0.06562802952571799,-0.025909177683338096,-0.9200763265052959,0.0012293267385480706,-0.0494351536012599,0.0007388354305768143,9.743034901050751e-05,-0.00032336160143185005,-3.7447384015225856e-06,126.93999999999998
-0.48751982338710376,-0.05413545654647417,-0.0032243718009504216,-0.8714260597294536,0.0015306942860193844,-0.04997093533049707,0.0006667352635465348,9.833978902999064e-05,-0.0003256244269919765,-3.8676139764823e-06,127.93999999999998
-0.46100137515962974,-0.07578959458728274,0.0070914154250739155,-0.8841285999675017,0.0015306942860193844,-0.04997093533049707,0.0006667352635465348,9.833978902999064e-05,-0.0003256244269919765,-3.8676139764823e-06,127.93999999999998
-0.4471130033451604,-0.07520031063749938,0.009827078996858482,-0.8912565870937974,0.001797197282080352,-0.05065796775138138,0.0005886032860714962,9.931936711885996e-05,-0.00032737785833910764,-4.0384333400422496e-06,128.94
-0.42184045733144776,-0.052991863052966215,0.01097644717360045,-0.9050535943335157,0.001797197282080352,-0.05065796775138138,0.0005886032860714962,9.931936711885996e-05,-0.00032737785833910764,-4.0384333400422496e-06,128.94
-0.40710344276852795,-0.06148508326847121,0.0076764852253734155,-0.9112779175400146,0.0020968671093552923,-0.05134425592960503,0.0005212740933180174,0.00010056909212971002,-0.00032975918638169675,-4.110544820579068e-06,129.94
-0.40194334273048893,-0.06315905213794001,0.007435594432663356,-0.9134534445187181,0.0020968671093552923,-0.05134425592960503,0.0005212740933180174,0.00010056909212971002,-0.00032975918638169675,-4.110544820579068e-06,129.94
-0.38329705464103164,-0.06966149065651756,0.00028805474673777425,-0.9209943331245231,0.002534525437799852,-0.05209066132048104,0.0004345658004287434,0.00010174870699040353,-0.00033227338556663044,-4.183493863321643e-06,130.94
-0.3856104325630732,-0.06621874717255805,-0.00115944412999462,-0.9202816566197143,0.002534525437799852,-0.05209066132048104,0.0004345658004287434,0.00010174870699040353,-0.00033227338556663044,-4.183493863321643e-06,130.94
-0.3757057594398972,-0.07044341499848229,-0.00018678517771072035,-0.9240578297478675,0.002953452815553574,-0.05280295180508511,0.000352960956952647,0.00010287354377450016,-0.0003346920007650909,-4.249089922772992e-06,131.94
-0.3748718798862267,-0.0678093075578268,-0.001150769741018032,-0.9245926925993401,0.002953452815553574,-0.05280295180508511,0.000352960956952647,0.00010287354377450016,-0.0003346920007650909,-4.249089922772992e-06,131.94
-0.36715526566127493,-0.07150086142819989,-0.00014925179346445116,-0.9274074700131145,0.003381003291120634,-0.05353193506016349,0.00027055970079679003,0.00010397879968881377,-0.00033715840368191553,-4.30939607020209e-06,132.94
-0.3672356274905011,-0.06886983619098483,-0.001381781391487123,-0.9275737330503009,0.003381003291120634,-0.05353193506016349,0.00027055970079679003,0.00010397879968881377,-0.00033715840368191553,-4.30939607020209e-06,132.94
-0.3569188664480436,-0.07250503536533265,0.00013614237411758355,-0.9313173058015025,0.0037930928256715694,-0.05424446003792426,0.00019172087504169293,0.00010503064538480471,-0.000339562801153221,-4.367244789340151e-06,133.94
-0.35680913867939335,-0.06932043862232154,-0.00027132743206969006,-0.9316017613366254,0.0037930928256715694,-0.05424446003792426,0.00019172087504169293,0.00010503064538480471,-0.000339562801153221,-4.367244789340151e-06,133.94
-0.35138902618387224,-0.07251418017402336,0.001223225215955726,-0.933416278876317,0.00419930711066989,-0.054972747858048454,0.00011489658201474645,0.00010608648975478312,-0.0003420156508708044,-4.421206704771625e-06,134.94
-0.3514708350756547,-0.06978589683906637,5.910383248387575e-05,-0.9335942251322712,0.00419930711066989,-0.054972747858048454,0.00011489658201474645,0.00010608648975478312,-0.0003420156508708044,-4.421206704771625e-06,134.94
-0.34914178668885426,-0.07258957478512898,0.0017285983589845528,-0.9342525238756073,0.0046059831543200916,-0.055717413271304396,3.727886227252444e-05,0.0001071555588337327,-0.00034451866144273623,-4.474464777247138e-06,135.94
-0.3490473317676021,-0.0700188227451614,0.0009677479175638533,-0.934485092503496,0.0046059831543200916,-0.055717413271304396,3.727886227252444e-05,0.0001071555588337327,-0.00034451866144273623,-4.474464777247138e-06,135.94
-0.3437221712534683,-0.07311960541879459,0.0020281330869202857,-0.9362181791486336,0.004999882581687649,-0.05644886780151214,-3.727604176999198e-05,0.00010819556611340244,-0.000346973600361523,-4.528261604258441e-06,136.94
-0.3437612341819644,-0.07017650667038651,0.0011795922640524118,-0.9364304994751743,0.004999882581687649,-0.05644886780151214,-3.727604176999198e-05,0.00010819556611340244,-0.000346973600361523,-4.528261604258441e-06,136.94
-0.33709343111459483,-0.0733971072268971,0.0025426184374561585,-0.9386023750457885,0.005382527228352202,-0.05717418014283603,-0.00010908996010901597,0.00010921353006279335,-0.00034941363523331443,-4.5793682848897466e-06,137.94
-0.33719308125582953,-0.07094171221084794,0.002190842728365824,-0.9387562514465256,0.005382527228352202,-0.05717418014283603,-0.00010908996010901597,0.00010921353006279335,-0.00034941363523331443,-4.5793682848897466e-06,137.94
-0.334442829420744,-0.07367237212320499,0.0030422006192283376,-0.9395270727606413,0.0057668412260185285,-0.057917175189679086,-0.0001803896970112046,0.00011024355536601302,-0.00035190614366878924,-4.628134814430222e-06,138.94
-0.33446561182825707,-0.07077217855561863,0.0023877609166937704,-0.9397437692502387,0.0057668412260185285,-0.057917175189679086,-0.0001803896970112046,0.00011024355536601302,-0.00035190614366878924,-4.628134814430222e-06,138.94
-0.3317218859266872,-0.0736064494790955,0.003341648542559269,-0.9404953558510225,0.0061428911257271675,-0.058655076525732305,-0.0002496956193418071,0.00011126921533576716,-0.00035439741875648034,-4.674349195191325e-06,139.94
-0.33175749225731455,-0.07083542444485813,0.002667333858111411,-0.9406977167533385,0.0061428911257271675,-0.058655076525732305,-0.0002496956193418071,0.00011126921533576716,-0.00035439741875648034,-4.674349195191325e-06,139.94
-0.33229142460262323,-0.07349033163163712,0.00321809911995994,-0.9403037935317955,0.006527233131849131,-0.0594105334767867,-0.00032048405073931325,0.00011232880103409447,-0.00035695360655064946,-4.722716881812228e-06,140.94
-0.33231005830643057,-0.07094493870031635,0.002605452164913451,-0.9404945786341361,0.006527233131849131,-0.0594105334767867,-0.00032048405073931325,0.00011232880103409447,-0.00035695360655064946,-4.722716881812228e-06,140.94
-0.3245585183115807,-0.07428141423597286,0.003547997793276737,-0.9429376710059653,0.006884026887073494,-0.060122634342334474,-0.00038493948026740115,0.00011331206881908605,-0.00035936920247507025,-4.7689616616657935e-06,141.94
-0.3245549301234849,-0.0714047257003946,0.0030126858725973257,-0.9431629690589132,0.006884026887073494,-0.060122634342334474,-0.00038493948026740115,0.00011331206881908605,-0.00035936920247507025,-4.7689616616657935e-06,141.94
-0.32481612751961997,-0.07398947940146211,0.0038152817252456077,-0.9428708733789667,0.007251930072397347,-0.060866442206161435,-0.0004513444055542749,0.00011434564250331581,-0.0003618999614227805,-4.813932445244188e-06,142.94
-0.3248194395927142,-0.07119551158092648,0.003126162863928598,-0.9430873543310574,0.007251930072397347,-0.060866442206161435,-0.0004513444055542749,0.00011434564250331581,-0.0003618999614227805,-4.813932445244188e-06,142.94
-0.3199083285352658,-0.0742954584506793,0.004002734466414798,-0.9445225377428361,0.007603237394440593,-0.061584667040826824,-0.0005140369147972203,0.00011534122846996818,-0.0003643608888689425,-4.8563153448883895e-06,143.94
-0.31998016347644326,-0.07127970685380196,0.0035412357189307615,-0.9447324266807019,0.007603237394440593,-0.061584667040826824,-0.0005140369147972203,0.00011534122846996818,-0.0003643608888689425,-4.8563153448883895e-06,143.94
-0.3203709734858304,-0.07397195012423644,0.004310434284024705,-0.9443897553970193,0.007955747266451452,-0.062316473217438724,-0.0005767639656228912,0.00011636819685841498,-0.00036687738003361703,-4.899792926869387e-06,144.94
-0.3204046279157973,-0.0708138488251216,0.0035307248790772358,-0.9446236325683053,0.007955747266451452,-0.062316473217438724,-0.0005767639656228912,0.00011636819685841498,-0.00036687738003361703,-4.899792926869387e-06,144.94
-0.3170410518658235,-0.0739746626139428,0.004427173572483378,-0.9455120945060008,0.008296868888733763,-0.06303137647899348,-0.0006371084194148657,0.0001173707941326281,-0.00036936040444534614,-4.939893400940993e-06,145.94
-0.31709685004847504,-0.07068114682286161,0.0038292459992217455,-0.9457479051249427,0.008296868888733763,-0.06303137647899348,-0.0006371084194148657,0.0001173707941326281,-0.00036936040444534614,-4.939893400940993e-06,145.94
-0.3158066080004474,-0.07381659002184911,0.004834230445659077,-0.9459354775019256,0.008634270286208544,-0.06375167393726747,-0.000696593970405388,0.00011838734204361877,-0.0003718723889743144,-4.979804729711353e-06,146.94
-0.31585784004313405,-0.07154864879575072,0.0041970291028135265,-0.9460956614875148,0.008634270286208544,-0.06375167393726747,-0.000696593970405388,0.00011838734204361877,-0.0003718723889743144,-4.979804729711353e-06,146.94
-0.3150950095762345,-0.07417731027039334,0.005208664446304609,-0.9461425534219927,0.008960447519485198,-0.06446052565444044,-0.0007543201246185395,0.00011939180065140136,-0.0003743515455376664,-5.015421683758595e-06,147.94
-0.31505920110965546,-0.06953218400986212,0.004401239479831126,-0.9465112805846561,0.008960447519485198,-0.06446052565444044,-0.0007543201246185395,0.00011939180065140136,-0.0003743515455376664,-5.015421683758595e-06,147.94
-0.3208406702810977,-0.0720589682674959,0.006008693953098745,-0.9443689241937062,0.009284678840771863,-0.06519128572677747,-0.0008128574864482289,0.00012048014203062183,-0.00037707890789689307,-4.99455252020203e-06,148.94
-0.32109295046416786,-0.05846743955984913,0.0020188475959801826,-0.945239017353767,0.009284678840771863,-0.06519128572677747,-0.0008128574864482289,0.00012048014203062183,-0.00037707890789689307,-4.99455252020203e-06,148.94
-0.3157163669250561,-0.06584944544904707,0.004595719687571577,-0.9465547557063191,0.009574966626869215,-0.06582913433002144,-0.0008675788420598233,0.00012151369397978048,-0.0003797475926039557,-4.971529472253247e-06,149.94
-0.31586631327463593,-0.06501557179070612,0.004364479796833087,-0.946563467961404,0.009574966626869215,-0.06582913433002144,-0.0008675788420598233,0.00012151369397978048,-0.0003797475926039557,-4.971529472253247e-06,149.94
-0.3118197339957511,-0.07030377649918423,0.004615237353956293,-0.9475254783302338,0.009879907456134594,-0.06649415978253422,-0.0009245312848879789,0.00012252379118753222,-0.0003823765153523972,-4.954245422360533e-06,150.94
-0.31157898407661366,-0.06744040601553505,0.004166560014635122,-0.94781483850797,0.009879907456134594,-0.06649415978253422,-0.0009245312848879789,0.00012252379118753222,-0.0003823765153523972,-4.954245422360533e-06,150.94
-0.3228474760327422,-0.06972719185011451,0.008839760895087496,-0.943837636759259,0.010145936937007558,-0.06717530102475854,-0.0009764270618171625,0.00012358732963235172,-0.0003851309245635284,-4.899712717752282e-06,151.94
-0.3182449282727407,-0.05388855878251047,0.004158124234577015,-0.9464665334093286,0.010145936937007558,-0.06717530102475854,-0.0009764270618171625,0.00012358732963235172,-0.0003851309245635284,-4.899712717752282e-06,151.94
-0.38369096010416126,-0.05406978503091539,0.021843702407332882,-0.9216184449902233,0.010224856246351176,-0.06776124760617172,-0.000998883593354784,0.0001247510144358327,-0.0003876564709417292,-4.882179087377471e-06,152.94
-0.35619977440325395,-0.061369130954590505,0.01224474889277388,-0.932311973861487,0.010224856246351176,-0.06776124760617172,-0.000998883593354784,0.0001247510144358327,-0.0003876564709417292,-4.882179087377471e-06,152.94
-0.3860575982041484,-0.057763827482488136,0.03812665343281567,-0.9198745726464188,0.010207574187037702,-0.06830748952016585,-0.0010330566815941419,0.00012596544034919273,-0.00038972104389560866,-4.863897225687944e-06,153.94
-0.3456736980504589,-0.03706688255829059,0.04942468471448823,-0.9363188245647971,0.010207574187037702,-0.06830748952016585,-0.0010330566815941419,0.00012596544034919273,-0.00038972104389560866,-4.863897225687944e-06,153.94
-0.39624397279077256,-0.03824312510539139,0.06472314118984793,-0.9150623434518972,0.009945196124831749,-0.06892534925978967,-0.0009915197954117562,0.00012764593002632403,-0.0003924013211908569,-4.87426368647039e-06,154.94
-0.3694747066892846,-0.03805610811211946,0.06109969228983914,-0.9264485961748297,0.009945196124831749,-0.06892534925978967,-0.0009915197954117562,0.00012764593002632403,-0.0003924013211908569,-4.87426368647039e-06,154.94
-0.3760345596039711,-0.04758463310723365,0.05452704455261876,-0.9237751426011929,0.00978189094162438,-0.06969849137792657,-0.0009876588264826655,0.00012937409317092608,-0.00039567311757356924,-4.873094212931361e-06,155.94
-0.3667101744926512,-0.04257137723789383,0.054551673707855415,-0.9277582878418872,0.00978189094162438,-0.06969849137792657,-0.0009876588264826655,0.00012937409317092608,-0.00039567311757356924,-4.873094212931361e-06,155.94
-0.3613210438022951,-0.05349043125888307,0.043381835671935,-0.9298945603685893,0.009754060794115182,-0.07046661985558686,-0.0010055937766890164,0.00013105595424108888,-0.0003990621499106504,-4.8886475561262446e-06,156.94
-0.36506806631206973,-0.050474722509009654,0.04162831278826502,-0.9286790042426969,0.009754060794115182,-0.07046661985558686,-0.0010055937766890164,0.00013105595424108888,-0.0003990621499106504,-4.8886475561262446e-06,156.94
-0.36563451081230225,-0.05665284777426972,0.04030783809357907,-0.9281579270416945,0.009765830533212734,-0.07116865794279996,-0.0010297195714818674,0.0001326509221049578,-0.00040222163949692484,-4.908746834758848e-06,157.94
-0.36441940878297124,-0.05292245496434717,0.039458506823480205,-0.9288922082255173,0.009765830533212734,-0.07116865794279996,-0.0010297195714818674,0.0001326509221049578,-0.00040222163949692484,-4.908746834758848e-06,157.94
-0.3624334570672269,-0.05870887167049075,0.037997208191536756,-0.9293823054885032,0.009805483891566564,-0.07185515059298021,-0.0010567129119552969,0.00013420690191429056,-0.0004053472527590948,-4.927489026277865e-06,158.94
-0.362781560772265,-0.05533381536184258,0.03718959081769142,-0.9294862249522334,0.009805483891566564,-0.07185515059298021,-0.0010567129119552969,0.00013420690191429056,-0.0004053472527590948,-4.927489026277865e-06,158.94
-0.36217160521614955,-0.060067835788803786,0.037171852958476304,-0.9294309209545593,0.009856006425449091,-0.07253140586025834,-0.0010834052925885887,0.00013575509720119926,-0.00040843679425158657,-4.947398111421762e-06,159.94
-0.3621349755677673,-0.05606284595507457,0.036429317532137996,-0.9297247558272786,0.009856006425449091,-0.07253140586025834,-0.0010834052925885887,0.00013575509720119926,-0.00040843679425158657,-4.947398111421762e-06,159.94
-0.36228368836704594,-0.06041049538983316,0.03695072160914568,-0.9293738458567077,0.009908734207583482,-0.07320122532729938,-0.0011066564984183634,0.00013730408174166605,-0.0004115226273590231,-4.967714295620033e-06,160.94
-0.36233224892212046,-0.05686210888359801,0.035961864465765346,-0.9296175483866979,0.009908734207583482,-0.07320122532729938,-0.0011066564984183634,0.00013730408174166605,-0.0004115226273590231,-4.967714295620033e-06,160.94
-0.36172196738584655,-0.061010615493669894,0.036268096115522515,-0.9295803076183097,0.009968405911037306,-0.07387256806756559,-0.0011287937262490237,0.00013886370000898597,-0.0004146296374225792,-4.986550864094175e-06,161.94
-0.3617419691181373,-0.05755969893034152,0.03531979108656274,-0.9298290924654824,0.009968405911037306,-0.07387256806756559,-0.0011287937262490237,0.00013886370000898597,-0.0004146296374225792,-4.986550864094175e-06,161.94
-0.36063886075272383,-0.061556177022216385,0.035666338867732114,-0.9299883663020516,0.010033491405965501,-0.07453574994245629,-0.0011494444301956986,0.0001404125183097075,-0.0004177253263415332,-5.002022239351502e-06,162.94
-0.36059996955839174,-0.05776719247332552,0.03476209960494873,-0.9302807156225976,0.010033491405965501,-0.07453574994245629,-0.0011494444301956986,0.0001404125183097075,-0.0004177253263415332,-5.002022239351502e-06,162.94
-0.3593891091918848,-0.061767070351305714,0.035287192172129556,-0.9304725204341541,0.01010039677453851,-0.07518447397244563,-0.0011671302007099425,0.00014195189933894763,-0.00042079488373500493,-5.018123168551539e-06,163.94
-0.35945918389986525,-0.057956103991937555,0.03445358487349517,-0.9307218357863339,0.01010039677453851,-0.07518447397244563,-0.0011671302007099425,0.00014195189933894763,-0.00042079488373500493,-5.018123168551539e-06,163.94
-0.3589656367283335,-0.06179226479832878,0.03520913951637935,-0.9306372570200655,0.010167004436293717,-0.0758294096007216,-0.0011813156987459303,0.00014349988561638928,-0.00042387191098641974,-5.033958180111892e-06,164.94
-0.3589760419935169,-0.05836576414097297,0.03442507544681842,-0.930883748397935,0.010167004436293717,-0.0758294096007216,-0.0011813156987459303,0.00014349988561638928,-0.00042387191098641974,-5.033958180111892e-06,164.94
-0.3584610654795505,-0.06208519041349001,0.03496479439747939,-0.9308214419636712,0.010236297980697648,-0.07647899472843196,-0.001193290024472391,0.00014506618459541652,-0.0004269818835614323,-5.048132376634128e-06,165.94
-0.35864643566220833,-0.057826109876255,0.03387569533655581,-0.9310646124028329,0.010236297980697648,-0.07647899472843196,-0.001193290024472391,0.00014506618459541652,-0.0004269818835614323,-5.048132376634128e-06,165.94
-0.357969340336297,-0.06174488344173246,0.03455894798738466,-0.9310484412005471,0.010305410625342765,-0.07711616926032479,-0.001201473948689929,0.00014662996018056508,-0.00043008851581318835,-5.062122010094231e-06,166.94
-0.3580394105199996,-0.057784313934510154,0.03371928573150776,-0.9313064819635726,0.010305410625342765,-0.07711616926032479,-0.001201473948689929,0.00014662996018056508,-0.00043008851581318835,-5.062122010094231e-06,166.94
-0.357114457330668,-0.06177011643991241,0.03441690327873679,-0.9313802627547592,0.010373799903122923,-0.07774067400600201,-0.0012060099075166385,0.0001481815262856968,-0.0004331712260405335,-5.074034937453449e-06,167.94
-0.3570471395373665,-0.05810118662158594,0.033213371045607086,-0.9316858184201017,0.010373799903122923,-0.07774067400600201,-0.0012060099075166385,0.0001481815262856968,-0.0004331712260405335,-5.074034937453449e-06,167.94
-0.35975778833225186,-0.061516550071551886,0.035437286019753385,-0.9303409302836972,0.010433497697969479,-0.07836834341567722,-0.0012063480009370114,0.00014975227567101817,-0.0004364286645546924,-5.145556776106974e-06,168.94
-0.3595896761441901,-0.05862943434040934,0.034979032658635924,-0.9306096504516306,0.010433497697969479,-0.07836834341567722,-0.0012063480009370114,0.00014975227567101817,-0.0004364286645546924,-5.145556776106974e-06,168.94
-0.3611714855067396,-0.06172224265135859,0.03623439800518944,-0.9297486709967072,0.010487028956440842,-0.07898970458995443,-0.0012030992564082956,0.00015129859118159135,-0.00043963428820298784,-5.192673425643785e-06,169.94
-0.35909911755456764,-0.06005723187210806,0.035082794672445336,-0.9307041152747536,0.010487028956440842,-0.07898970458995443,-0.0012030992564082956,0.00015129859118159135,-0.00043963428820298784,-5.192673425643785e-06,169.94
-0.3568478994226332,-0.06337921936970092,0.03441492306480514,-0.9313743953428102,0.0105605974792421,-0.079621543863043,-0.0012061948264566282,0.00015284456266184267,-0.00044289972221632165,-5.236722416832586e-06,170.94
-0.35588410955468386,-0.05988823187251918,0.03428302559447838,-0.9319788486901093,0.0105605974792421,-0.079621543863043,-0.0012061948264566282,0.00015284456266184267,-0.00044289972221632165,-5.236722416832586e-06,170.94
-0.3809434878409917,-0.05806833691220679,0.04658413702228555,-0.9215964656495161,0.010531652476468511,-0.08019488998436902,-0.0011849810368897828,0.0001543218942363667,-0.00044588842927883847,-5.277931982679999e-06,171.94
-0.3656133958557348,-0.05407233219553805,0.04753002091349398,-0.9279784074932649,0.010531652476468511,-0.08019488998436902,-0.0011849810368897828,0.0001543218942363667,-0.00044588842927883847,-5.277931982679999e-06,171.94
-0.3937746847605498,-0.05273986293914084,0.05678594244743435,-0.9159341467808954,0.010423962265045888,-0.08080432446822484,-0.001145143688969885,0.0001556884419870605,-0.00044899628115669006,-5.301683071841998e-06,172.94
-0.36666553007124303,-0.04767775055385334,0.05843105425452793,-0.9272912342184646,0.010423962265045888,-0.08080432446822484,-0.001145143688969885,0.0001556884419870605,-0.00044899628115669006,-5.301683071841998e-06,172.94
-0.34199092043284474,-0.05944723714485214,0.03812693708238976,-0.9370456621777057,0.010487433432072387,-0.08148312128477986,-0.0011342058979986035,0.00015695736310407886,-0.00045260060399185197,-5.331193008227332e-06,173.94
-0.3410955553522966,-0.055485251529510726,0.03740436877725692,-0.9376439207812263,0.010487433432072387,-0.08148312128477986,-0.0011342058979986035,0.00015695736310407886,-0.00045260060399185197,-5.331193008227332e-06,173.94
-0.32130721983526134,-0.06491964095927799,0.025342736947199677,-0.9444071454534206,0.010649590231818164,-0.0820496889781392,-0.0011486483380169818,0.00015802336439701736,-0.0004559487550360296,-5.366563916861126e-06,174.94
-0.3224322438838452,-0.06083729256102108,0.025297812625621613,-0.9442967185234905,0.010649590231818164,-0.0820496889781392,-0.0011486483380169818,0.00015802336439701736,-0.0004559487550360296,-5.366563916861126e-06,174.94
-0.30979396248375135,-0.06777933475856347,0.01891188498031902,-0.9481961839170171,0.010853167324765562,-0.08257428845998417,-0.0011712612982744408,0.00015899990594672787,-0.000459212489068862,-5.399534334204097e-06,175.94
-0.3095063818133289,-0.06373448012570256,0.017812875621757457,-0.9485918074293137,0.010853167324765562,-0.08257428845998417,-0.0011712612982744408,0.00015899990594672787,-0.000459212489068862,-5.399534334204097e-06,175.94
-0.3053293485600417,-0.06946452562958935,0.013123049238533012,-0.9496191100465701,0.011090004832129156,-0.08306818934199964,-0.001204823836555415,0.00015993042008265583,-0.00046244328696802995,-5.434072392658232e-06,176.94
-0.3055342937081248,-0.06528299119201413,0.012707717255602572,-0.9498554839297675,0.011090004832129156,-0.08306818934199964,-0.001204823836555415,0.00015993042008265583,-0.00046244328696802995,-5.434072392658232e-06,176.94
-0.3077038667416347,-0.07013090913276294,0.008789536680931633,-0.9488533764609751,0.01134935740415609,-0.08354039735059068,-0.0012455601936100537,0.00016085845767475294,-0.00046566057467839657,-5.467418334564683e-06,177.94
-0.30764174822183066,-0.06608303992698891,0.0080753530595498,-0.9491703615568636,0.01134935740415609,-0.08354039735059068,-0.0012455601936100537,0.00016085845767475294,-0.00046566057467839657,-5.467418334564683e-06,177.94
-0.3148927977337961,-0.07023760132051647,0.004657407250913248,-0.946513345840312,0.011627954377146265,-0.08399133441870948,-0.0012949017822326066,0.00016179941003323934,-0.0004688713166891781,-5.503027202654822e-06,178.94
-0.31480910923424743,-0.06619564687346456,0.003936416795472351,-0.9468357120963253,0.011627954377146265,-0.08399133441870948,-0.0012949017822326066,0.00016179941003323934,-0.0004688713166891781,-5.503027202654822e-06,178.94
-0.32456091731655684,-0.06995302226469953,0.0009633489150136235,-0.943274009811326,0.011923222877962944,-0.08442373908166025,-0.001352796986667346,0.00016277064719994507,-0.0004720797300929836,-5.539710928428537e-06,179.94
-0.3244173501813009,-0.0662119604729601,0.00031700604295918443,-0.9435937996292892,0.011923222877962944,-0.08442373908166025,-0.001352796986667346,0.00016277064719994507,-0.0004720797300929836,-5.539710928428537e-06,179.94
-0.33824469630328285,-0.06945666897552451,-0.0028548321093505662,-0.9384871584050322,0.01223413776928523,-0.08483551881734626,-0.0014203010042354532,0.00016378265420627058,-0.0004752746648787625,-5.578866522099495e-06,180.94
-0.3381149752346004,-0.06466194475432148,-0.004096596009176623,-0.9388718306157833,0.01223413776928523,-0.08483551881734626,-0.0014203010042354532,0.00016378265420627058,-0.0004752746648787625,-5.578866522099495e-06,180.94
-0.350645901966342,-0.06797253582124509,-0.005944960527443244,-0.9340191878396114,0.012559532421116232,-0.08523239589385714,-0.0014973045214754534,0.00016485114400398564,-0.0004785126004735315,-5.625121712793675e-06,181.94
-0.350528187817255,-0.06380946813102983,-0.006924369409611447,-0.9343502525448717,0.012559532421116232,-0.08523239589385714,-0.0014973045214754534,0.00016485114400398564,-0.0004785126004735315,-5.625121712793675e-06,181.94
-0.3567472077406826,-0.06766568776401512,-0.007850540983244954,-0.931714094277273,0.012902350552234718,-0.08563004676832277,-0.001582416980680346,0.0001659725966932625,-0.00048181520153263294,-5.673583109457499e-06,182.94
-0.3566486946930317,-0.06365445658083965,-0.0083270122472105,-0.9320302997210925,0.012902350552234718,-0.08563004676832277,-0.001582416980680346,0.0001659725966932625,-0.00048181520153263294,-5.673583109457499e-06,182.94
-0.3658688923991818,-0.06724745033802101,-0.009899610271820158,-0.9281808723056608,0.013250521225312931,-0.08601266839665779,-0.0016722959277559906,0.00016712304372709517,-0.0004850999035123782,-5.724071642449616e-06,183.94
-0.36567475494413015,-0.0627111609954625,-0.010883813228342693,-0.9285638515970573,0.013250521225312931,-0.08601266839665779,-0.0016722959277559906,0.00016712304372709517,-0.0004850999035123782,-5.724071642449616e-06,183.94
-0.3757143648674346,-0.06619071488510653,-0.011986444038265133,-0.924290987976501,0.013605569436636478,-0.0863809798573375,-0.001768924542389905,0.00016831542025334036,-0.0004883920089723974,-5.77730068233701e-06,184.94
-0.375577427653324,-0.06209064637935557,-0.013309115959157567,-0.9246130081833651,0.013605569436636478,-0.0863809798573375,-0.001768924542389905,0.00016831542025334036,-0.0004883920089723974,-5.77730068233701e-06,184.94
-0.3835812655877594,-0.06591677069962631,-0.01453298755735015,-0.921037015707449,0.01397542577335519,-0.08674006289326548,-0.0018764364642617091,0.0001695441112963555,-0.0004917042224807736,-5.833591655769491e-06,185.94
-0.3834128834924122,-0.06161761538462701,-0.015427200929606779,-0.921390162590107,0.01397542577335519,-0.08674006289326548,-0.0018764364642617091,0.0001695441112963555,-0.0004917042224807736,-5.833591655769491e-06,185.94
-0.39170671390115536,-0.06558929622056224,-0.017086392147833702,-0.9175902951260002,0.01435773055465263,-0.08708692570187376,-0.0019935819170573995,0.00017080668193477416,-0.0004950233980913514,-5.893601943457621e-06,186.94
-0.3915672930617785,-0.0612369212039728,-0.01808369782012551,-0.9179314104871236,0.01435773055465263,-0.08708692570187376,-0.0019935819170573995,0.00017080668193477416,-0.0004950233980913514,-5.893601943457621e-06,186.94
-0.398093050928954,-0.06530206770588401,-0.01921370198121615,-0.914816045121417,0.01475324395330797,-0.08742615168040972,-0.0021204367536545254,0.00017210881736401227,-0.0004983652237227968,-5.955652362909445e-06,187.94
-0.3979548625285741,-0.06114557206956745,-0.0202618436986946,-0.9151407564391824,0.01475324395330797,-0.08742615168040972,-0.0021204367536545254,0.00017210881736401227,-0.0004983652237227968,-5.955652362909445e-06,187.94
-0.4052076410697657,-0.06492344305354156,-0.021036390152976488,-0.9116738366598446,0.01515662956981677,-0.08775574533224154,-0.0022554799030256576,0.00017343911137956744,-0.0005017097393820151,-6.019793609893758e-06,188.94
-0.4049964246687102,-0.060742009393903236,-0.02217586558627284,-0.9120288017852572,0.01515662956981677,-0.08775574533224154,-0.0022554799030256576,0.00017343911137956744,-0.0005017097393820151,-6.019793609893758e-06,188.94
-0.4118796720522986,-0.0646542303703036,-0.023147744726873535,-0.9086468775929262,0.015570944424427854,-0.08807600877185505,-0.002400935287484874,0.00017480199490049278,-0.0005050622610635042,-6.085596734822101e-06,189.94
-0.4116797112833994,-0.06038437794489345,-0.02427745991914306,-0.9090017311081975,0.015570944424427854,-0.08807600877185505,-0.002400935287484874,0.00017480199490049278,-0.0005050622610635042,-6.085596734822101e-06,189.94
-0.4149855163405658,-0.06455455579943806,-0.024445964234461846,-0.907205668735452,0.015997176068109548,-0.0883947514919888,-0.002555404226137056,0.00017620276629297277,-0.0005084625736757113,-6.156701551560947e-06,190.94
-0.41478586650729427,-0.06034541438223038,-0.02575200687803372,-0.9075505220375247,0.015997176068109548,-0.0883947514919888,-0.002555404226137056,0.00017620276629297277,-0.0005084625736757113,-6.156701551560947e-06,190.94
-0.4187312149637618,-0.06455261582591482,-0.02618270506893562,-0.9054344787781593,0.01643039685190309,-0.08870520566189384,-0.002718954630091526,0.0001776153075184992,-0.0005118664714585983,-6.230234970790992e-06,191.94
-0.41849482323413006,-0.06055687942569939,-0.027288144672255304,-0.9057871187209506,0.01643039685190309,-0.08870520566189384,-0.002718954630091526,0.0001776153075184992,-0.0005118664714585983,-6.230234970790992e-06,191.94
-0.4235179050370779,-0.06464377820196102,-0.028115476782978457,-0.9031407896989517,0.016871262881647524,-0.0890067540828426,-0.002892191609568043,0.0001790492823740802,-0.0005152605501140345,-6.302256654071865e-06,192.94
-0.42332081121452547,-0.06026653852161122,-0.02871053275478991,-0.9035170947116803,0.016871262881647524,-0.0890067540828426,-0.002892191609568043,0.0001790492823740802,-0.0005152605501140345,-6.302256654071865e-06,192.94
-0.42899485797158443,-0.06419830308792353,-0.029420765424561724,-0.9005422856681434,0.017317906425209167,-0.08930094115537893,-0.003072072105311424,0.00018051127882215992,-0.0005186684357464219,-6.3790725116699975e-06,193.94
-0.42875857867572675,-0.05963963732258509,-0.030697152152875044,-0.9009255683582881,0.017317906425209167,-0.08930094115537893,-0.003072072105311424,0.00018051127882215992,-0.0005186684357464219,-6.3790725116699975e-06,193.94
-0.4325506943520339,-0.06387673418666734,-0.031033751606369564,-0.8988084144613097,0.017774360712529233,-0.08958884816601549,-0.003263267440532792,0.00018200173485833344,-0.0005221044269353139,-6.459066888874213e-06,194.94
-0.43233295430851326,-0.059612408553243096,-0.03231054461956555,-0.8991610568033634,0.017774360712529233,-0.08958884816601549,-0.003263267440532792,0.00018200173485833344,-0.0005221044269353139,-6.459066888874213e-06,194.94
-0.4406540321968079,-0.06320911661021052,-0.03299849086534039,-0.8948406177005276,0.018233976743879082,-0.08986277731266167,-0.003465282240396257,0.0001835136503793565,-0.0005255246242825113,-6.5425667667159535e-06,195.94
-0.4403543698689601,-0.05866360397278704,-0.034304889235703004,-0.8952484488010919,0.018233976743879082,-0.08986277731266167,-0.003465282240396257,0.0001835136503793565,-0.0005255246242825113,-6.5425667667159535e-06,195.94
-0.44531514079279316,-0.06261189066605405,-0.03413846339091842,-0.8925294067117474,0.018702996352999178,-0.0901325479022229,-0.0036789986524070678,0.00018506643174756777,-0.0005289828488996063,-6.629138639728954e-06,196.94
-0.4450234791471595,-0.058395912480827865,-0.035476240331310686,-0.8929084257555442,0.018702996352999178,-0.0901325479022229,-0.0036789986524070678,0.00018506643174756777,-0.0005289828488996063,-6.629138639728954e-06,196.94
-0.44727461386886797,-0.0626428743619806,-0.03509121928097988,-0.8915098969778733,0.019180466332509062,-0.09040136936230637,-0.0039030175974361005,0.00018664764429024048,-0.000532476165352274,-6.718452472297778e-06,197.94
-0.4469862120544134,-0.05842549294454542,-0.03598571110299958,-0.8919051612160596,0.019180466332509062,-0.09040136936230637,-0.0039030175974361005,0.00018664764429024048,-0.000532476165352274,-6.718452472297778e-06,197.94
-0.44958207588148436,-0.06282093077989644,-0.03649926466576233,-0.8902793333448225,0.01966594164750207,-0.09066606493720043,-0.004136958878393951,0.00018824887758357576,-0.0005359827156697427,-6.807761345052812e-06,198.94
-0.44927307188235127,-0.05824184528822059,-0.03741603465646976,-0.8907085015252769,0.01966594164750207,-0.09066606493720043,-0.004136958878393951,0.00018824887758357576,-0.0005359827156697427,-6.807761345052812e-06,198.94
-0.4584232321648124,-0.06159261478988934,-0.03775371155125251,-0.885792948311859,0.020146802557711316,-0.09091539065115636,-0.00437741517465945,0.00018987548255287496,-0.0005394672808602342,-6.9019615434133556e-06,199.94
-0.45803375327029033,-0.05686209455638535,-0.03916084921079307,-0.8862495195806207,0.020146802557711316,-0.09091539065115636,-0.00437741517465945,0.00018987548255287496,-0.0005394672808602342,-6.9019615434133556e-06,199.94
-0.4590956654013996,-0.061432315195402314,-0.038583516691611905,-0.885419986728946,0.020642457777265137,-0.09116691523081316,-0.004632820043491702,0.00019154165555659551,-0.0005430318554084194,-7.0031570330381246e-06,200.94
-0.4586799991631194,-0.05707005147219278,-0.039929261453060555,-0.8858675531209479,0.020642457777265137,-0.09116691523081316,-0.004632820043491702,0.00019154165555659551,-0.0005430318554084194,-7.0031570330381246e-06,200.94
-0.4569691711997941,-0.06205423806703789,-0.03937132186263355,-0.8864413952008794,0.021148097301135677,-0.09142189442291129,-0.0048992935247928,0.00019322117155027918,-0.0005466425509859106,-7.103988359532652e-06,201.94
-0.4565891441242274,-0.057857360609267765,-0.040536961506078786,-0.8868684423538191,0.021148097301135677,-0.09142189442291129,-0.0048992935247928,0.00019322117155027918,-0.0005466425509859106,-7.103988359532652e-06,201.94
-0.45584855451969186,-0.062328580402432256,-0.03932685359173517,-0.887000925587961,0.021651742536062505,-0.09167852030163122,-0.00516785723136257,0.00019490563152192204,-0.0005502702167352894,-7.202775819269314e-06,202.952
-0.4555174404769094,-0.05795712675187972,-0.04014219167303608,-0.8874308070648196,0.021651742536062505,-0.09167852030163122,-0.00516785723136257,0.00019490563152192204,-0.0005502702167352894,-7.202775819269314e-06,202.952
-0.4540577059323056,-0.06252035835521479,-0.03896097462158888,-0.887921644589861,0.022152474192913,-0.09193787754276538,-0.0054355620624609085,0.00019660048722590148,-0.0005539309916136747,-7.30323806772572e-06,203.94
-0.4536982559772034,-0.057380968749463065,-0.04028126161240489,-0.8883933458280346,0.022152474192913,-0.09193787754276538,-0.0054355620624609085,0.00019660048722590148,-0.0005539309916136747,-7.30323806772572e-06,203.94
-0.4519815368454512,-0.06237491074545582,-0.039173537522516025,-0.8889811554911007,0.02264815003685284,-0.09219388876837604,-0.005706113605042505,0.00019828983056080138,-0.0005576141751001053,-7.404403690392642e-06,204.94
-0.45151995285997504,-0.0579233984518573,-0.04030826452354666,-0.8894660510060026,0.02264815003685284,-0.09219388876837604,-0.005706113605042505,0.00019828983056080138,-0.0005576141751001053,-7.404403690392642e-06,204.94
-0.4519370625067246,-0.06250306690156587,-0.039275934381802644,-0.8889902469313866,0.023137931222000804,-0.09244807979698137,-0.005977947445442824,0.0001999723520865605,-0.0005612990361515217,-7.504867541130344e-06,205.94
-0.45146084812588355,-0.058204816409565714,-0.04056006613658125,-0.8894662348797636,0.023137931222000804,-0.09244807979698137,-0.005977947445442824,0.0001999723520865605,-0.0005612990361515217,-7.504867541130344e-06,205.94
-0.4429153472982059,-0.06386576995208784,-0.03866614902420902,-0.8934495438891745,0.023635523215538894,-0.09271762845033259,-0.006253075913915794,0.00020165214715716387,-0.0005650655469438509,-7.603997584901958e-06,206.94
-0.4425490474301779,-0.05927835588241475,-0.039113139277067985,-0.8939276142274678,0.023635523215538894,-0.09271762845033259,-0.006253075913915794,0.00020165214715716387,-0.0005650655469438509,-7.603997584901958e-06,206.94
-0.43698351614564973,-0.0646777764227227,-0.03810542307238013,-0.8963315059655507,0.024121184655325815,-0.09298850954017417,-0.006518551677824645,0.00020330607965849833,-0.0005688223795847367,-7.696703467198603e-06,207.94
-0.4365732687454707,-0.06013113614296494,-0.03931456996006351,-0.8967956244718785,0.024121184655325815,-0.09298850954017417,-0.006518551677824645,0.00020330607965849833,-0.0005688223795847367,-7.696703467198603e-06,207.94
-0.4370468834175913,-0.06482710462664103,-0.03895066571848077,-0.8962534874915601,0.024596324833915887,-0.09325030017335473,-0.006785796134379582,0.00020492684436086673,-0.0005725481582282238,-7.790113437243724e-06,208.94
-0.43665230615954115,-0.06026472317835165,-0.0399775143409049,-0.8967188662077508,0.024596324833915887,-0.09325030017335473,-0.006785796134379582,0.00020492684436086673,-0.0005725481582282238,-7.790113437243724e-06,208.94
-0.4355343742820661,-0.0651400553040355,-0.0393108736781716,-0.8969510785011495,0.025069037992597895,-0.09351119096519571,-0.007056461822628339,0.00020654202193998505,-0.0005762842064297567,-7.882030422273777e-06,209.94
-0.43513522283788236,-0.0604387563399894,-0.040189514827047135,-0.8974348430253132,0.025069037992597895,-0.09351119096519571,-0.007056461822628339,0.00020654202193998505,-0.0005762842064297567,-7.882030422273777e-06,209.94
-0.4324734531152665,-0.06556614498582243,-0.03939606786369273,-0.8983962059242764,0.025538087122941387,-0.09377252715167278,-0.007327867972113573,0.00020814537056413436,-0.0005800337306252612,-7.972322038283843e-06,210.94
-0.43199086692187966,-0.06088786678081238,-0.04024319137714488,-0.8989199319865745,0.025538087122941387,-0.09377252715167278,-0.007327867972113573,0.00020814537056413436,-0.0005800337306252612,-7.972322038283843e-06,210.94
-0.43328176357572845,-0.06556772456444739,-0.03992903151975688,-0.8979829949893491,0.02599811176417275,-0.09402709308427798,-0.007600132412887474,0.00020973470546623376,-0.0005837598013942218,-8.061566152701553e-06,211.94
-0.4328547141911709,-0.06057360156700627,-0.04071299845463527,-0.8985043611204758,0.02599811176417275,-0.09402709308427798,-0.007600132412887474,0.00020973470546623376,-0.0005837598013942218,-8.061566152701553e-06,211.94
-0.4232437703675048,-0.06652741114646277,-0.03855926336509811,-0.9027469178125114,0.026461995106403534,-0.0942970763857932,-0.0078695770935251,0.00021132524810286006,-0.0005875794696721206,-8.149621246360361e-06,212.94
-0.4227602154300222,-0.06167155346907781,-0.039342342099517556,-0.903284340537572,0.026461995106403534,-0.0942970763857932,-0.0078695770935251,0.00021132524810286006,-0.0005875794696721206,-8.149621246360361e-06,212.94
