position (x) [m],position (y) [m],position (z) [m],velocity (x) [m/s],velocity (y) [m/s],velocity (z) [m/s],time
0.0,0.0,0.0,0.0,0.0,0.0,35.94
-1.4071592754358616e-05,2.854306225829066e-05,4.7394635797957116e-05,-0.00028143185508717225,0.0005708612451658131,0.0009478927159591422,35.94
786.546555752626,687.4812297149373,-0.10587482181429853,17.63983239871132,17.199640838051806,-0.33922336278566784,36.94
788.3125900384098,689.1960788861991,-0.13935334983556272,17.680853316965013,17.097342587184382,-0.33833574627106267,36.94
1318.426664745441,1149.2902561322928,0.09124529395493308,32.230665633859545,31.253748989772273,0.8223241582198402,37.94
1321.6477268190224,1152.407233751037,0.1743345115572361,32.19057583776681,31.085803385110097,0.8240377617804782,37.94
1639.31313209246,1422.1117015244745,-0.36499510620177444,42.08831143346993,40.94630753550072,1.8491106756648192,38.94
1643.5158639154486,1426.2000463398022,-0.1792425745404953,41.96632502630191,40.82058877105182,1.8507936038544137,38.94
1905.014032860761,1645.9253881366772,-0.3470144998323581,50.037514906673,49.19359749907916,2.9654946088415324,39.94
1910.0104019783478,1650.841039225416,-0.04971231440427182,49.8898674450629,49.11942427569696,2.9670000579293987,39.94
2142.0770523689725,1845.658422037916,-0.20047295855012792,56.25677265746524,56.34309142047235,3.8219387051702407,40.94
2147.6950550409792,1851.290696450585,0.18241474442728062,56.10328078267071,56.302396832910006,3.82332637009101,40.94
2338.4177112909792,2010.748215981835,-0.023975989607809334,60.52095198628399,62.165407239404146,4.548516537947241,41.94
2344.4621109511613,2016.9637371642655,0.43154660567744507,60.367041217360466,62.1450164092019,4.5498584209283015,41.94
2498.1459488417863,2144.6099773986407,0.18247877948491764,63.17188893464562,66.86317131642846,5.234136287709194,42.94
2504.4554877752043,2151.2959287636563,0.706535413791035,63.01888973371869,66.85585598388307,5.235422298779589,42.94
2630.5001655095793,2255.022125052719,-0.03729383529868524,64.76102382795696,70.7877941552698,5.447545105997257,43.94
2636.96863065016,2262.1010132934634,0.5081276618243633,64.60827898364904,70.78997065961991,5.448879079043903,43.94
2724.78064236891,2332.3432007934634,-0.021311585356450946,65.08049272876623,73.73275020063554,6.001909279693358,44.94
2731.2811606156483,2339.716912572698,0.5795385251460602,64.92987220600261,73.74148538406108,6.003227644759709,44.94
2812.8968832718983,2404.6071713617607,-0.0872433668293019,65.17460029438152,76.51621225173686,6.39918237504622,45.94
2819.4068411601443,2412.259466922499,0.5533418772981317,65.0245574705334,76.52969896303016,6.400516388291843,45.94
2890.4098929179568,2467.889349734999,0.16582990663093,64.91036069318965,79.03391801820594,7.092925021254416,46.94
2896.8934760936936,2475.7935556410175,0.8757853623008245,64.76130282154746,79.05020010216548,7.094250928343322,46.94
2973.4830757030686,2536.4532236097675,0.1977881931890254,64.80388247242637,81.69177114708735,7.433863679067606,47.94
2979.9560336198665,2544.6232807480437,0.941824816342249,64.65527586352707,81.70937161843257,7.435164189560533,47.94
3041.7702426042415,2592.1650287949187,-0.1851348234834096,64.35996488940597,84.05077176491695,7.382770061052768,48.952
3048.19887889005,2600.571044266152,0.5537752236842008,64.21276082675963,84.06953765974704,7.384036143177436,48.952
3088.071193343175,2628.678466141152,0.013319846741098207,63.28535451572448,85.89012481795017,8.035132796358736,49.94
3094.3924418780366,2637.2685267630623,0.8174423397117834,63.13961618151015,85.91108762025779,8.03635122302836,49.94
3151.5799418780366,2680.5987269583748,-0.05194504885781226,62.79945962633437,88.1996389508242,8.238889643445201,50.94
3157.85263509408,2689.4197272437573,0.7725359326065935,62.65440469453909,88.22036675682897,8.240073677684972,50.94
3203.197605797205,2722.1929206031323,-0.30834425106980506,62.05167489717581,90.26876763573522,8.292064960877521,51.94
3209.3956111688494,2731.2208848880996,0.5214583802312689,61.90843253571049,90.2905180636091,8.293257231304166,51.94
3244.0826228875994,2754.5075059818496,0.022643804078708474,61.01291709381596,92.10096575648019,8.978801210892339,52.94
3250.1768048301014,2763.7187639678614,0.921111988833381,60.8707217562253,92.12419396375773,8.979977338223216,52.94
3305.601731587914,2805.2644182647364,0.05860381635533485,60.63855928063936,94.47127037977336,9.168438052820843,53.94
3311.658424625606,2814.712703015846,0.9760393474685394,60.49530147320329,94.49442464241699,9.169621504483082,53.94
3354.4644548990436,2845.013240125221,-0.029301934050963874,59.963708150449385,96.57978230843261,9.27722782429741,54.94
3360.453721505552,2854.672431222869,0.8990168327610535,59.82162397972058,96.60403964453239,9.278419793061962,54.94
3395.557481271177,2878.138739816619,0.2004546505792283,59.055319963607296,98.50482699804802,9.731065735681396,55.94
3401.4559150805403,2887.990465517596,1.1741379776636087,58.91335622365952,98.52968702149072,9.732219242713876,55.94
3445.672589885228,2919.410631533221,0.1558290216766396,58.47556630666733,100.68875989746728,9.804813793926124,56.94
3451.51303653895,2929.4807961522865,1.1368889059316065,58.33336676777328,100.71453248383966,9.805970803650833,56.94
3482.23178653895,2948.858359628849,0.014650773610902335,57.58185614765609,102.59700166108576,9.84343648406701,57.94
3487.982959860686,2959.119362399517,0.9995717605560146,57.44161028706695,102.62305375227446,9.844591161143834,57.94
3512.2321053684987,2972.6485372042043,0.12453402801265068,56.55366320454742,104.38477250227446,10.158636248475588,58.94
3517.880490536813,2983.0883333968327,1.1409936421916118,56.41404016173823,104.41115135029338,10.159828227138393,58.94
3546.5629856540004,3000.3009798812077,-0.41022099316476385,55.81186731017573,106.36195701435588,9.763920915548681,59.94
3552.137255923426,3010.9384836817962,0.5667730424630726,55.673538078339995,106.38811899741178,9.765124803694619,59.94
3556.121386782801,3006.1821360255462,-0.046619952841831624,54.34952532199234,107.75178171713834,10.446428200362757,60.94
3561.549524012548,3016.9586961099235,0.9985936439482759,54.21321927294173,107.77941997040318,10.447569753870422,60.94
3596.6275269422354,3039.6098191567985,-0.1525028583586832,53.83902798876204,109.91618449677037,10.413003901906965,61.94
3602.0046140454274,3050.602798123893,0.8893360892268674,53.702714075077374,109.94339484512584,10.414081016696674,61.94
3621.5290281079274,3059.3070217567056,-0.19978974363551205,52.96099196814378,111.75995368301646,10.516798947418856,62.94
3626.818308122516,3070.4844214119125,0.852441703565201,52.82460832363262,111.78803942111989,10.51790205233651,62.94
3630.977731950641,3066.6846167244125,-0.5148026228163616,51.23185777431621,113.02155992893239,10.486341025016563,63.94
3636.094768767977,3077.987847138048,0.5338187129062093,51.10887857239974,113.04304834377689,10.486315491458392,63.94
3662.4073908382893,3093.318901825548,-0.20645752280833796,49.6220774249388,114.54997583401126,10.914523018553552,64.94
3667.3625182004207,3104.7750953069853,0.8832475090872339,49.48046981769085,114.57389379473288,10.911028478633986,64.94
3696.6986998410457,3122.6103003851103,-1.1561141221018194,48.56296646075726,116.42264104815085,10.046218707613042,65.94
3701.548059760309,3134.2537092237135,-0.15251260338458894,48.42423192450776,116.44553572391145,10.044178003524895,65.94
3681.7517951118716,3107.4829572705885,-2.21135337614927,46.81810704657807,117.47139174197785,9.490727363098735,66.94
3686.426876164217,3119.231350718389,-1.2628007393931657,46.68351400033319,117.49647721402825,9.489687163991196,66.94
3651.5847130782795,3078.459133921514,-3.4673849084921198,45.030651451505065,118.34971818082512,8.898445300965612,67.94
3656.0812736766256,3090.2955125532744,-2.577773938425649,44.900560515415286,118.37785445438529,8.897978180905433,67.94
3603.611913325063,3029.492411967337,-4.889757405740696,43.32941641141138,119.01193343387747,8.260703336769623,68.94
3607.9387012621723,3041.3952688478585,-4.063420379670269,43.20634233076884,119.0452041765499,8.261236721556552,68.94
3537.6899219652973,2960.845830371296,-6.5119537088789645,41.5055519254954,119.3357315202999,7.543192017060437,69.94
3541.834422546891,2972.7811796774827,-5.757388276456042,41.384459706379566,119.37125460343864,7.543684478494196,69.94
3460.073924500016,2884.5370390524827,-7.605032679808804,39.68335649593035,119.50822512345817,7.471341016235563,70.94
3464.0364660644723,2896.489809332991,-6.857646209223105,39.567474793201406,119.5471804867158,7.471845754159848,70.94
3398.0066809082223,2822.0250876533037,-9.522411271630455,38.78488964915844,120.22254974941112,6.516311816754875,71.94
3401.879571140932,2834.049362639075,-8.870379490774077,38.67291500503478,120.26294996600951,6.5171130151166565,71.94
3320.8897029768696,2749.7152561937623,-11.192473612890726,37.18401577407775,120.44295790057983,6.111575830534358,72.94
3324.6025742393467,2761.7616765699217,-10.58225243588477,37.073409475465006,120.48544962260856,6.109703018439397,72.94
3243.997227559659,2679.6606023511717,-13.471512162970377,36.32385198034782,120.94349558208121,5.15043835590973,73.94
3247.624494276746,2691.7572052199844,-12.95710107792701,36.221482361394976,120.98856179417422,5.149172854814518,73.94
3143.4007393939337,2594.4522735793594,-16.155866958094695,35.65473278864107,121.15388314427187,4.040066130122781,74.94
3146.9618064969773,2606.5701262594553,-15.752100664212296,35.56660927223106,121.20317045764914,4.039585491863024,74.94
3018.8894188016648,2493.8569914938303,-19.56010541517715,35.01989448951622,120.98969236927023,2.4908639122865885,75.94
3022.387797813243,2505.958712557043,-19.311098351240922,34.947685742052045,121.04472889498163,2.4907052577017303,75.94
2863.038676719493,2372.679171541418,-22.697188261596516,34.17830707994267,120.24985279634882,1.5995743627486432,76.94
2866.453820723557,2384.70713466801,-22.537192311531303,34.12457300133245,120.30940973549657,1.599651390329342,76.94
2701.0706420126194,2251.1840633789475,-25.648757016914857,33.40215326256292,119.3482586124497,1.1315446780964318,77.94
2704.4089493544466,2263.1219394629693,-25.535534195138016,33.36399357398188,119.40926306798751,1.13168138603083,77.94
2546.496229627884,2137.9796054785943,-28.715576739364934,33.26516239722407,118.73851721837813,0.5861049782617102,78.94
2549.8214703858357,2149.8565246721996,-28.656858990289912,33.239652761806475,118.79986665373153,0.5863194807594143,78.94
2391.115049487398,2027.2149231096996,-31.721063410199783,33.50462163387679,118.19765565519637,0.21531665071925832,79.94
2394.4648196000285,2039.037793611915,-31.699410942315662,33.49078061873279,118.25975438911102,0.21555825634364784,79.94
2236.305273701591,1919.4790777916025,-34.77509773577156,34.19138028914295,117.78198644477509,-0.1418458958500767,80.94
2239.724192575873,1931.2603341676365,-34.78918234532354,34.18699719650085,117.84314107590362,-0.14164593578401696,80.94
2078.338938669623,1810.6680490113865,-37.83004436416351,35.18286969405944,117.4064192741458,-0.4671725169024691,81.93999999999998
2081.857607053213,1822.4117390298522,-37.87646540449332,35.19049797774149,117.46738109516697,-0.4665800941815866,81.93999999999998
1917.6865865454006,1701.8731648111022,-41.16167289715312,36.42798577071024,117.03088054585056,-0.9964143612264105,82.93999999999998
1921.3303068327407,1713.5792597613072,-41.26118140340804,36.4464199760932,117.09101845824681,-0.9961485014909723,82.93999999999998
1730.3003996061782,1565.3860224566197,-44.048059157179246,39.34748198781195,117.36448647582493,-1.1009398318247008,83.93999999999998
1734.2375937670656,1577.12543483022,-44.15536252498792,39.39640122993659,117.42376099618146,-1.0953586010771075,83.93999999999998
1554.2881308764406,1434.6006545567825,-46.508172919740666,42.82251817329597,118.06702576668927,-0.9830242910100336,84.93999999999998
1558.5737625099766,1446.4102443290396,-46.603295908982695,42.890114497423866,118.1247696784525,-0.9766654112920913,84.93999999999998
1402.8298660256016,1321.8634913993521,-48.01713205605046,46.80756444859574,119.17759560618687,-0.12460646888968485,85.93999999999998
1407.5144412932461,1333.7840888591575,-48.026509630273466,46.8839409042948,119.2343535899203,-0.11844032355777206,85.93999999999998
1299.5106571135586,1247.281525382595,-49.36188530798093,51.8611366440409,121.08033900251796,0.43398989297116264,86.93999999999998
1304.7005131580179,1259.3926226998237,-49.31590638240417,51.93598424514512,121.1416073420577,0.4391497655304422,86.93999999999998
1204.2792485095804,1178.2745807076362,-50.38411708383675,56.77746831496934,122.91024595289754,1.1313958178901564,87.93999999999998
1209.9604384798279,1190.5689496406605,-50.26898751001172,56.84633108997972,122.97713270758794,1.1353758019621913,87.93999999999998
1174.2729384798279,1152.547587335973,-50.87978154717877,59.91595694447191,124.57317915534185,1.6370780823703923,88.93999999999998
1180.2649548125064,1165.0084922577216,-50.714544243690824,59.924369709099786,124.64491927963131,1.6401370728722136,88.93999999999998
1125.9397595000064,1087.2379844452216,-50.68042375720603,63.83522023400213,127.24049270492428,2.15729979657014,89.93999999999998
1132.3249252515386,1099.9644453410367,-50.46404835015906,63.8680947966413,127.28872521137907,2.158590651350053,89.93999999999998
1052.0219467359136,1025.7206709269742,-50.886463079922855,69.09627472828193,129.3842147133322,3.008772861137615,90.93999999999998
1058.933791210565,1038.6617818310776,-50.58524975029997,69.14061476474599,129.43800336873755,3.009444948155854,90.93999999999998
1026.9239035152525,989.8346333935776,-51.20223612796903,75.13697554355458,132.55670148885474,3.022673777393929,91.93999999999998
1034.4399790501736,1003.0935451394661,-50.89973630085835,75.18453515486817,132.62153342891452,3.0231386761364973,91.93999999999998
961.5538706517361,921.2007228738411,-50.964681794941114,79.49333489852052,134.4696474425864,3.7581299299869904,92.93999999999998
969.5055435093719,934.6509225792581,-50.58871354980065,79.5401222541958,134.53434666575563,3.7584404342705144,92.93999999999998
922.1625259312469,869.8485544151956,-51.1389029060905,84.72842334062157,137.00939854563845,3.769961675485004,93.93999999999998
930.6374447094978,883.5531122367661,-50.76171466143352,84.76995222439616,137.08175788577077,3.7703458297019576,93.93999999999998
857.4938900219978,796.1395380180161,-50.921939930284616,88.64547102322429,138.67286048586843,4.228851238075682,94.93999999999998
866.3602302151029,810.0106111017951,-50.49887278311982,88.68133283887735,138.74860118971205,4.229215284790141,94.93999999999998
799.4904792385404,726.0125642267951,-51.20457160958935,92.52470899854532,140.36893200025892,4.059604355398399,95.93999999999998
808.7443619639708,740.0534752390504,-50.79845130637074,92.55294551006386,140.4492882448453,4.059924090755942,95.93999999999998
724.7966080577208,641.0188072703004,-50.71154761339071,95.59864558330605,141.53389060080232,4.71515392245702,96.93999999999998
734.3576224953879,655.1762888478878,-50.23981224818069,95.62164317003487,141.6157409509467,4.715593868385644,96.93999999999998
670.3902152688254,569.6561472463253,-50.79028219711671,99.00543223253487,143.08193510377873,4.562990314911257,97.93999999999998
680.2915239895693,583.9685329481367,-50.333760585734915,99.02074218234367,143.1657789324496,4.563435474692596,97.93999999999998
600.5715532864443,485.0525173231367,-51.0021601344546,101.72733092746086,144.1527174090121,4.3444775935094775,98.93999999999998
610.7448034538411,499.47203056910536,-50.56750081983784,101.73767242047495,144.23754751036037,4.344900704041101,98.93999999999998
519.7386999382161,390.82627861598036,-51.23419133325948,103.96383819195933,144.89076864073147,4.160585148357312,99.93999999999998
530.135493451531,405.31959454074973,-50.8178789338479,103.97203207434026,144.97554985465553,4.161092917509005,99.93999999999998
439.93395536559353,296.86878887668723,-51.40704322960302,106.18519735754339,145.61794487418678,4.031984831001378,100.93999999999998
450.5527623629527,311.43485025715154,-51.003480882318925,106.19094258964029,145.70328273509878,4.032712559369288,100.93999999999998
358.6218541598277,200.15445474933904,-51.28605190444422,108.02676564872232,146.19142665599722,4.175702887385092,101.93999999999998
369.4246349860206,214.7778175157016,-50.86823557315532,108.0288508751348,146.27582867125412,4.176194972485876,101.93999999999998
290.4381847907081,112.0450294297641,-50.929515049005055,110.06334336781057,147.03332836607834,4.422885678245303,102.93999999999998
301.4443327393666,126.75253730075404,-50.486982846136485,110.05961560535934,147.1168290537205,4.423372948333383,102.93999999999998
234.4511686768666,31.973850777316542,-51.136957327777324,112.29141187000778,148.1158524912205,3.978565633749054,103.93999999999998
245.67973548299315,46.78961214805497,-50.73891458719896,112.27992425252339,148.19937492354802,3.978937988155966,103.93999999999998
122.29899817830565,-82.20184293007003,-51.36773691794351,114.30335412312886,148.30652976973943,4.151864164243324,104.93999999999998
133.72953147413688,-67.36721159704469,-50.95263362293436,114.30731179349566,148.38609689076736,4.151697921412968,104.93999999999998
57.57376975538688,-161.24428679235717,-51.38788871164985,117.29961373441363,149.4572715123494,4.203535822405282,105.93999999999998
69.3034769138015,-146.29399206233094,-50.96764064808452,117.29452943387902,149.5486230881753,4.2033247850548845,105.93999999999998
-7.545644179948496,-242.59233190608094,-51.4292713353001,119.53354310575402,150.31079960184718,4.183045358060822,106.93999999999998
4.406803293071009,-227.55620842149074,-51.0108682073825,119.51540635463608,150.4116700899571,4.183242542283859,106.93999999999998
-83.45208342567899,-331.88738517930324,-51.27865242111529,122.31527970668687,151.42185533165633,4.446659257511971,107.93999999999998
-71.2205366541302,-316.73892765514694,-50.83389137673705,122.31565572428889,151.54729515147,4.446849494766058,107.93999999999998
-112.0335249353802,-394.11771183483444,-51.29589247726678,127.10181142497248,154.56505638193875,3.9997312454666587,108.93999999999998
-99.32416177569579,-378.65428197354953,-50.896316722289434,127.08545176871587,154.70354084375901,3.998936506328029,108.93999999999998
-123.09881997882079,-430.70896947354953,-51.22379256587999,129.31262462027837,157.18858723047776,3.4214426184599707,109.93999999999998
-110.16655353281695,-414.9837901422009,-50.882006807577,129.3327042997982,157.31499939649404,3.420725611373953,109.93999999999998
-193.68815997812945,-503.0982920953259,-51.35779983106792,126.99913191210288,157.112477118662,2.9209542937346256,110.93999999999998
-180.98972098499334,-487.3825224115278,-51.065918190590416,126.96964795061922,157.2029165572998,2.9205267159427093,110.93999999999998
-277.00546805530587,-578.4494169427778,-51.271135769927014,122.7962547011075,155.87907164763183,2.7931103938248314,111.93999999999998
-264.72897313275354,-562.858926852462,-50.99187552850548,122.73364374993888,155.93073015868453,2.793008797902933,111.93999999999998
-354.53952000775354,-646.9886875946495,-51.14941457832811,119.0524227416381,154.95338946044234,2.598736730294147,112.93999999999998
-342.638177504067,-631.4917141627325,-50.88937868137332,118.97442733209195,154.98607917789795,2.5990611781448987,112.93999999999998
-411.6473327775045,-699.16297881117,-51.24458998503108,116.29363356988492,154.7405805206714,2.1004812104203947,113.93999999999998
-400.0222718653056,-683.6877927203728,-51.034319889287104,116.20758467409358,154.76314129527114,2.100925159824262,113.93999999999998
-463.1434876856181,-746.4475583453728,-51.71823161539655,113.7558329651092,154.71301617320083,1.2530801486666974,114.93999999999998
-451.7723849777576,-730.9753747920488,-51.59267790210803,113.66622119210044,154.73065489327948,1.253571545510401,114.93999999999998
-520.2827609543201,-799.4027429561113,-51.70830289302441,111.05768542549887,154.51121061837713,0.988672928025307,115.93999999999998
-509.18160141826024,-783.9508172442171,-51.60914382105273,110.96550529569866,154.52730361950694,0.9892564863635953,115.93999999999998
-561.9500340354477,-837.4390984942171,-51.55793830015895,108.84267204374554,154.78263656628428,0.8252774063632908,116.93999999999998
-551.0704945339593,-821.9601206843826,-51.475151072824424,108.74811798602467,154.79691963040614,0.8257963797596872,116.93999999999998
-591.5046986355218,-864.1164927546951,-51.49519340063538,107.05536896258717,155.4322345718124,0.5411660470120723,117.93999999999998
-580.8039864771372,-848.5726537699309,-51.44074917328342,106.95887420510539,155.44454512347195,0.5418212923135708,117.93999999999998
-615.5449532740122,-885.6097631449309,-51.56786516242101,105.47194335793742,156.26430067767117,0.12855296078744194,118.93999999999998
-605.0026018047855,-869.9827641352721,-51.55464518322315,105.37508602659513,156.27567951550367,0.12928232702566197,118.93999999999998
-646.811317625098,-913.4625004633971,-51.764971658724235,103.55723782102872,156.81197254528882,-0.34358174580857553,119.93999999999998
-636.4604750990637,-897.7807689262025,-51.79902701316208,103.45961269965707,156.82265819860228,-0.3429761055225505,119.93999999999998
-682.2213393568762,-943.61951404339,-51.91991095108698,101.27671322455942,157.13832439733275,-0.7183121437907998,120.93999999999998
-672.0985470741291,-927.9051261354967,-51.991484283983496,101.17913243038363,157.14943376053256,-0.7177963808256691,120.93999999999998
-714.9266720741291,-970.6363273073717,-51.77759914311393,99.00164982540316,157.49857774246615,-0.7780372720036665,121.93999999999998
-705.0314049071586,-954.885974651762,-51.85511779225242,98.90369351400585,157.50847536972842,-0.7774671158799122,121.93999999999998
-731.6280845946586,-982.9239385189495,-51.51913102583801,97.33799679769726,158.3907690709003,-0.7801944824471959,122.93999999999998
-721.8992156346816,-967.0844431163214,-51.5968409449175,97.23938240184263,158.399138981662,-0.7795754241167487,122.93999999999998
-736.7787322362441,-984.5788278819464,-51.46036999896275,96.15696205272154,159.6814647262909,-1.0241354440953618,123.93999999999998
-727.1679900940873,-968.6103921769703,-51.56247803572871,96.05788079041557,159.68724937322938,-1.0235244288082186,123.93999999999998
-791.4309295472123,-1035.688150966033,-51.55452959545738,93.76215782898979,159.52091331365907,-1.1937344677065218,124.93999999999998
-782.0598153159882,-1019.7350799154158,-51.673932313078176,93.66012679549053,159.5405076986852,-1.1937930094067983,124.93999999999998
-817.4219979331757,-1057.8268767904158,-51.39898849209952,92.12937270613506,160.1091112143102,-1.2258138699163552,125.93999999999998
-808.2147320150694,-1041.8146441779809,-51.52151969726102,92.01594565598924,160.1355410343874,-1.2257135062560904,125.93999999999998
-859.6370952963194,-1103.3873980842309,-51.58443642545671,89.71331809251268,160.00604732100848,-1.0293439489775014,126.93999999999998
-850.6716033115291,-1087.3876804827178,-51.68794669703061,89.59652160329345,159.9883047092544,-1.0304957023298085,126.93999999999998
-479.7054167880916,-761.3790134905303,-51.61175032813248,100.152868496604,171.47826442605128,-1.5274982986179353,127.93999999999998
-469.69534241737193,-744.227667606891,-51.76555252183411,100.04861891778953,171.54865324673358,-1.5296030262976144,127.93999999999998
-375.91006409705943,-691.7002017865785,-51.29554186744947,106.88821089777,177.63331663784686,-1.3661979841974607,128.94
-365.2238691511641,-673.9346738412756,-51.43297825890331,106.83568802013745,177.67724226820994,-1.367831170265649,128.94
-380.9130781355391,-703.8715634897131,-51.38787032165272,107.29435196056714,179.62994765151072,-1.3420301490412647,129.94
-370.187305107941,-685.9069470573423,-51.52240362960106,107.22110859139525,179.66238099590578,-1.3426907351296826,129.94
-398.803271904816,-722.6125134635923,-51.41958362767191,106.75454822762572,180.98885804668703,-1.0925455212145403,130.94
-388.13201394343344,-704.5130492537971,-51.528965229486936,106.67061100002488,181.00042614921745,-1.0927996206016841,130.94
-404.92534890437094,-736.3975707381721,-51.470257703471184,107.387438392603,182.9913319109362,-1.0384888972437796,131.94
-394.19085004188065,-718.0980156940068,-51.57403537664109,107.3025388572029,182.99976897237087,-1.038346464134837,131.94
-419.65850140906815,-757.0779961627568,-51.27101756017691,107.61095713112869,184.70232939717556,-0.7222491860317267,132.94
-408.9016834599125,-738.60745231731,-51.34304952338248,107.52540185198491,184.70854751175906,-0.7218632752365315,132.94
-421.3704334599125,-766.9410704813725,-51.218297099249654,108.58202721819585,186.92152968949344,-0.6518678282044785,133.94
-410.5164609154076,-748.2485684052946,-51.28324705437797,108.49742367190115,186.92851183206537,-0.6513941728202224,133.94
-432.1977353294701,-784.9079922334196,-51.45665121660492,109.18467953127615,188.86299822122552,-0.8411736955869066,134.94
-421.28347404836734,-766.0213444576235,-51.54056244668996,109.10054609077885,188.8699572946968,-0.8407614166396147,134.94
-455.01443107961734,-812.843488012311,-51.345835286780535,109.20049115913822,190.3985217478218,-0.6355003434199734,135.94
-444.0985957187647,-793.8032298583748,-51.409098771382276,109.11621605791403,190.40664133090243,-0.6349272439394644,135.94
-467.2117548984522,-831.0573802489998,-51.20675246631462,109.69090783037497,192.29492410678134,-0.4698648503854677,136.94
-456.2468679705145,-811.8274501246991,-51.25347209723521,109.60683072838023,192.30367837923325,-0.46933114214955607,136.94
-477.4216726580145,-847.2035487575116,-51.298027818307844,110.28186429771617,194.27376352327622,-0.5894422756152509,137.94
-466.3977060069199,-827.7756408162231,-51.356687963248554,110.19746872417463,194.28439530249364,-0.5888741103736204,137.94
-497.1383065928574,-871.4003966755981,-51.27218212474363,110.43960281841291,195.9479390036655,-0.5271228037438308,138.94
-486.0985660840101,-851.8050626557441,-51.324645265373746,110.35520735853365,195.95874139341572,-0.5266245242552956,138.94
-516.5549869824476,-895.0983976166816,-51.667143057919915,110.6075648414438,197.63362237486103,-0.903053744904825,139.94
-505.49846832394223,-875.3344521012534,-51.75727608226805,110.52280832866462,197.645287933702,-0.9027090446201287,139.94
-550.6566714489422,-930.0755409684409,-51.148795621725675,109.90759684184822,198.7620100406356,-0.29471067046521504,140.94
-539.6701577487216,-910.1987902062139,-51.1781310058302,109.82267716256261,198.77300520390614,-0.29443930458123324,140.94
-555.8082192721591,-940.1192003624639,-51.524927684821996,110.62412979928136,200.8932597205077,-0.7817839286988392,141.94
-544.7500363370065,-920.0292864362737,-51.6029449513874,110.53952890377232,200.90501880329592,-0.7814616760898853,141.94
-584.7773800870065,-970.4733782331487,-51.296351037913865,110.20972543697545,202.22654437702639,-0.513608286068658,142.94
-573.7606111125003,-950.2501185892423,-51.347510673670946,110.12565405314777,202.23864850110098,-0.5132059003690852,142.94
-598.9344392375003,-987.7956508158048,-51.520765478391134,110.50962622111652,204.07392224377676,-0.7997037127912485,143.94
-587.8876889088863,-967.3876132336475,-51.600542971642184,110.4253803511652,204.08682939936992,-0.7993179567350943,143.94
-624.6585629323238,-1015.079873975835,-51.39200876287287,110.27031290731755,205.53964922358867,-0.6490575346544577,144.94
-613.6356666858629,-994.5252726826322,-51.45663666287749,110.18761202189827,205.5523766404646,-0.6485018277328127,144.94
-643.6879127796129,-1036.0548136982572,-51.50001908127463,110.32324739787484,207.2269371873396,-0.8008288670322324,145.94
-632.6596787651614,-1015.3314905320865,-51.57985818610224,110.24143289115469,207.23952613607463,-0.8003413032810125,145.94
-670.5973008354739,-1062.793282524274,-51.45650927464963,109.87026284720937,208.59943519369182,-0.7942467715890401,146.94
-659.6144608989654,-1041.9326366785458,-51.53568192340455,109.78653588296166,208.61348172087145,-0.7937427147810678,146.94
-686.2493485942779,-1082.0174755457333,-51.45908950162381,110.29400506020775,210.50433560270739,-0.8041293442689602,147.94
-675.2239154275181,-1060.9663894819764,-51.53890882954682,110.21465827498656,210.51738567242896,-0.80294213126119,147.94
-734.2195208962681,-1132.7102859663514,-51.42687275559088,109.79100562606078,211.42954845319068,-0.5737048837538598,148.94
-723.2436351846497,-1111.5671293368398,-51.48423406637737,109.72670860630693,211.43358413704328,-0.5736865285760637,148.94
-769.5635814737122,-1166.4717924227773,-51.47333524497397,109.07830162388505,212.61414138801985,-0.6840239838887028,149.94
-758.6599315993965,-1145.2094302271837,-51.54190641622568,108.99469586242901,212.63310252385259,-0.6843615296143841,149.94
-792.934223591584,-1189.2246890162462,-51.19244695660992,108.84319897522198,214.21315013127446,-0.4358839766389985,150.94
-782.054760679856,-1167.8020446611047,-51.23607220479126,108.74605925933683,214.23973697155412,-0.43595767767387805,150.94
-827.730297789231,-1232.0355651689172,-51.43537933583605,109.39438231841886,215.8515457484096,-0.5789726561444802,151.94
-816.7949129981475,-1210.449041008076,-51.49344418889566,109.31331350325034,215.8789374684172,-0.5793078310347964,151.94
-832.8159090918975,-1258.2604423752634,-51.27550999932179,111.36262228010581,218.99940560806564,-0.6296262103355834,152.94
-821.684497306108,-1236.3570970224846,-51.339572605159546,111.26561343568433,219.06750144751317,-0.6318261799439793,152.94
-770.509448477983,-1245.7047532724846,-51.25254485373406,119.63467776673902,225.49171104223973,-1.0015581258612551,153.94
-758.5463859299794,-1223.1491341514095,-51.353076998376984,119.62657319333564,225.62067137926238,-1.0023107899748538,153.94
-783.7943107346669,-1294.8046517295345,-51.464280012033264,124.88050233151924,229.73224364488738,-1.2500030960958997,154.94
-771.3055212905074,-1271.8247569363148,-51.58929776477185,124.89528655166936,229.86565221950733,-1.2500379823538932,154.94
-895.9092810561324,-1414.7866709988148,-51.20181800904937,123.32338713760686,229.54805578396045,-0.6854758296541481,155.94
-883.5768079331558,-1391.8264898150335,-51.270258454440295,123.32607532192382,229.6555678916632,-0.6852615545051653,155.94
-1015.5964612534683,-1532.3013433306585,-51.541842128133794,120.34732318569336,228.38490749127257,-0.7341520929826666,156.94
-1003.562796658954,-1509.458886914173,-51.61521628993384,120.32596870459318,228.46422083843427,-0.7340699979862327,156.94
-1085.915091580829,-1611.114892773548,-51.26782184283692,120.00096412695646,229.24327357280927,-0.3931376679729695,157.94
-1073.9163325563486,-1588.1869522613906,-51.30704383401761,119.97421636265317,229.3155366703389,-0.39295411673975583,157.94
-1143.541454626661,-1676.9068008942031,-51.26297070015889,119.96501531284848,230.419197253835,-0.4076834811337292,158.94
-1131.546579563033,-1653.8615010161004,-51.303618112259045,119.93248595971532,230.48680030821694,-0.40744160910729055,158.94
-1192.592966281783,-1735.9240010161004,-51.28485759850882,120.38828124780126,231.91488563536538,-0.47856072195295973,159.94
-1180.5558532604061,-1712.7292283487395,-51.33254920231275,120.35397917973683,231.98056771185213,-0.47823178517022613,159.94
-1239.1764587291561,-1792.9850877237395,-51.53016738401566,120.95129973637745,233.52249123480135,-0.7708278145877854,160.94
-1227.0831008200973,-1769.6296334358838,-51.60703149598643,120.9158584447995,233.5865945223139,-0.7703904756117633,160.94
-1290.0341506247848,-1853.0577340218213,-51.503782347338024,121.26392668210418,234.98519223959906,-0.7473761662788219,161.94
-1277.9096897099687,-1829.5560623238882,-51.57840116174775,121.22529161421988,235.04824171906293,-0.7471385618425015,161.94
-1336.9955051396562,-1909.1747146676382,-51.29182205003391,121.68781602828238,236.56694136505902,-0.5578076310433129,162.94
-1324.828658794467,-1885.5149031806657,-51.34743815976395,121.64911087550128,236.62928837439355,-0.5574783242947395,162.94
-1375.7511441460294,-1957.7867537666032,-51.34048976283244,122.43020065821612,238.40895908972558,-0.6774574541918408,163.94
-1363.5100710846318,-1933.9427697722178,-51.408047875811555,122.39126056973659,238.47072079797923,-0.6770821893117075,163.94
-1415.6422732330693,-2007.4151818815928,-51.60215718563066,123.14274830167018,240.24092343469798,-0.9891576405100254,164.94
-1403.3300031836181,-1983.387988972522,-51.70084930959424,123.10265268735529,240.30293474671882,-0.9887103603351843,164.94
-1463.4515852148681,-2063.631885456897,-51.65569013158106,123.49619974546076,241.80592546937507,-1.0325410617815183,165.94
-1451.103954656366,-2039.448309862338,-51.75873149291994,123.45641142458165,241.86558642181058,-1.0321155721029807,165.94
-1508.0789302423036,-2116.7046575185877,-51.50992257501851,123.95802122682774,243.4866343954434,-0.8852219725602781,166.94
-1495.6851015478535,-2092.3530670947453,-51.59821776842836,123.9185526621753,243.54517408140364,-0.8847679648679357,166.94
-1545.6660585791035,-2163.2341706103703,-51.37012281159067,124.68513133649171,245.39920850523177,-0.7853263323103682,167.94
-1533.199625100435,-2138.6913776594038,-51.448421353582155,124.64353823687861,245.4566505140955,-0.7848581498312733,167.94
-1592.753336037935,-2220.6606159406538,-51.50477927641731,125.32464480426142,247.032944459408,-0.9296938506347863,168.94
-1580.2232080721562,-2195.953993634966,-51.59788650278091,125.27791451131186,247.09950165434893,-0.9299695332350348,168.94
-1630.1334863924687,-2268.0310200021536,-51.69240950812362,126.19500588094077,249.09838013335283,-1.140650764604954,169.94
-1617.5168505696001,-2243.1173797383253,-51.80649482698289,126.13771057642984,249.17442514321334,-1.1406912494025065,169.94
-1679.3111620930376,-2322.8134246602003,-51.434645958661896,126.22932434596109,250.6414814176274,-0.8506617074714027,170.94
-1666.6914966764668,-2297.745154501694,-51.519549729582366,126.16398398545303,250.72392175250337,-0.8503369078180661,170.94
-1670.5370777311543,-2344.799353720444,-51.32264931708017,130.8658806529335,255.15658471637056,-0.8989209013262123,171.94
-1657.4529782710663,-2319.2783494140986,-51.410928489757985,130.81610854882842,255.26350141053084,-0.8956950664165944,171.94
-1685.2525388179413,-2389.3330369140986,-49.93606879427411,134.77077468652374,259.2984821844566,0.4433436520730375,172.94
-1671.7773093689761,-2363.396825540516,-49.890123692537955,134.73381429278075,259.4257452871902,0.4465651251307303,172.94
-1790.4135398377261,-2475.690526712391,-48.19940974952612,130.3842430647534,258.29641179109643,2.2410351669954927,173.94
-1777.3787202920023,-2449.8559330380754,-47.97435694047292,130.31214784972164,258.39546169522055,2.242933751702789,173.94
-1819.9692964638773,-2496.2367924130754,-47.14341791429458,128.84151338927242,259.6675182748104,2.8416910239751694,174.94
-1807.0898485220898,-2470.265938575659,-46.85858115890092,128.74744544647567,259.7495584735098,2.8430263299674565,174.94
-1824.2547655142773,-2495.4855430678467,-45.62976530083065,128.67900214813582,262.0686426409903,3.763119111151829,175.94
-1811.39219201108,-2469.2751754040323,-45.25282770618831,128.5724679158096,262.138710635301,3.7643704782061387,175.94
-1805.8422652532674,-2475.33950645872,-44.18796664145757,129.40539943436428,265.2567373686994,4.505750053184991,176.94
-1792.9073663248348,-2448.8107281124408,-43.7367876207814,129.29257913428938,265.3188295568815,4.506958083900341,176.94
-1772.4128594888973,-2442.5711040890033,-42.580066986524486,130.73557229835188,269.0208025183073,5.368955604563483,177.94
-1759.3451922293555,-2415.6662862171706,-42.04274500794358,130.61777289248414,269.07555491834376,5.369808440812591,177.94
-1725.270118987168,-2398.2495381702956,-40.95455235067233,132.6147592816443,273.3255854359219,6.208971232979874,178.94
-1712.0146971516897,-2370.9145740898666,-40.33321170201859,132.49367742791924,273.37369617265443,6.209858283691378,178.94
-1669.4503660970022,-2346.638817253929,-38.962297944549626,134.7936194445208,277.9898308162091,7.37637941443788,179.94
-1655.977123590962,-2318.8376764275677,-38.22413681510796,134.67123067628373,278.0329857110175,7.377425790433635,179.94
-1598.751049372212,-2282.457671544755,-37.47084947675988,137.57699239503373,283.2331352471503,8.001229718865076,180.94
-1584.9994325796301,-2254.132592947245,-36.670274938586886,137.45534345660502,283.26843670304936,8.002132851438052,180.94
-1535.3959169546301,-2224.39064958787,-36.47536860768122,140.04727766070658,288.33019665177983,8.154908574440952,181.94
-1521.3972748240121,-2195.5560795607316,-35.65935857528053,139.92556495165562,288.36120389098363,8.15594692435415,181.94
-1494.5529144724496,-2185.2963139357316,-34.77018562426103,141.3451892802689,292.61830304259496,9.049426588546748,182.94
-1480.424494452084,-2156.0330149816855,-33.86472751536884,141.2232111270458,292.64767603832763,9.050457488621774,182.94
-1440.2315012880215,-2134.7278392004355,-33.256184212520935,143.1606348331005,297.4090400214819,9.705517152925523,183.94
-1425.9215274054159,-2104.9856712154697,-32.285099983969616,143.0388428190132,297.4343196778327,9.706582179443059,183.94
-1383.2257266241659,-2081.790969067032,-31.7162631016355,145.09749760416946,302.3904010682136,10.38223710817779,184.94
-1368.7220678739877,-2051.5508593930153,-30.677276462281874,144.97567739939186,302.41179241212365,10.383762965249486,184.94
-1328.6894751005502,-2030.8911914242653,-29.988255097836646,146.6949233100364,307.2403026965475,11.219470064412464,185.94
-1314.02612588306,-2000.1662477660516,-28.865681657223522,146.5720610397652,307.25857046772927,11.220722932756216,185.94
-1269.25854775806,-1975.7626833129266,-28.56288834557812,148.30498645480426,312.2330959193894,11.71489291563774,186.94
-1254.4342561014257,-1944.5386374106554,-27.39102821476777,148.18084667788347,312.2478221260346,11.715634594130895,186.94
-1215.1610627420507,-1925.0392477622179,-27.024949692835285,149.56072949038347,317.0554469429291,12.320719720283211,187.94
-1200.2112959516621,-1893.3331249360565,-25.792531297740577,149.43460631739015,317.0670095803008,12.321412566415987,187.94
-1158.7081221235371,-1872.202631771994,-25.384957351856972,150.89162993799562,322.0303884865508,13.018145378304386,188.94
-1143.6252728834459,-1839.99915235397,-24.08252112669139,150.7653548638291,322.03919987392936,13.019388752974672,188.94
-1100.8845502271959,-1818.0800849711575,-24.226059994281336,152.11573480767674,327.0363579244665,13.213421310978596,189.94
-1085.679349426278,-1785.3761696120187,-22.90428464322368,151.9882812106836,327.0419492583121,13.214287750898189,189.94
-1057.0769324340904,-1775.6171364088937,-22.71113006240413,152.60374446751953,331.5554990629996,13.78604770758757,190.94
-1041.8229870607036,-1742.4614347741563,-21.332130103689966,152.47516300021613,331.55853363175015,13.786838083498386,190.94
-1009.285755615391,-1729.5013517663438,-21.088071751886293,153.07826663791144,336.1875886549435,14.427346631165058,191.94
-993.9844266127958,-1695.8825173042017,-19.644940198011213,152.9483134139944,336.18910058789714,14.428140412682207,191.94
-954.6805936049833,-1677.6488747260767,-19.57549997115684,153.72027844084988,341.0472281818913,14.9264599113067,192.94
-939.3151138895163,-1643.5441870255158,-18.082406604061763,153.58931586849064,341.0465258293242,14.927354663235516,192.94
-895.8804215067038,-1621.6356176895783,-18.21130049604287,154.39879462825627,346.0224016838164,15.279196276796158,193.94
-880.4470986800895,-1587.033604018393,-16.682913882609732,154.26766190402947,346.0178717398936,15.280130248303204,193.94
-838.032425828527,-1565.5574077293304,-16.322054622065927,154.69953904025994,350.8257445121104,16.148399411638522,194.94
-822.5691257088814,-1530.475179960157,-14.706855303783254,154.56646335265236,350.8188108713558,16.149118165876164,194.94
-753.5841403573189,-1485.6840422648445,-14.910135188581474,155.8434027447422,356.3916906626156,16.514253596434436,195.94
-738.006478018212,-1450.0453763180874,-13.258355420593197,155.7098440373977,356.3816282725272,16.514962413124103,195.94
-680.5686118072745,-1414.9977688962124,-13.566377605464892,156.3475698674758,361.5595228648124,16.833703601653912,196.94
-664.9405372130657,-1378.8424080490447,-11.882645184002572,156.21392201670022,361.5476940785422,16.834427724247767,196.94
-616.0337989318157,-1351.1164559006072,-11.971030948870197,156.26671742685647,366.37354551897187,17.40649238601098,197.94
-600.413837587805,-1314.4797014101327,-10.230048009429686,156.1325094533573,366.3615442905173,17.40715978768981,197.94
-541.6107370018675,-1277.9399064882577,-10.029102937841598,156.13788817650183,371.28224054906224,18.29103125873823,198.94
-526.0037606328893,-1240.8124081694614,-8.200029680593875,156.00163920306144,371.26772582686726,18.29097152148603,198.94
-438.09702235163934,-1178.5951230132114,-8.856222482158543,157.16625864886223,377.15927398360554,18.39939628319179,199.94
-422.3871112946379,-1140.8800725584374,-7.015988348127523,157.03196249116644,377.14173511187226,18.399985294615472,199.94
-367.5891376618254,-1107.43585869125,-7.69194191785471,156.62359151948675,381.9172859541574,18.5376016536485,200.94
-351.93361559122036,-1069.2450508093566,-5.838228001700545,156.4868498926147,381.8988716837063,18.537509155227134,200.94
-309.60085191934536,-1046.476862332794,-6.679898013298789,155.24325095462643,386.12506415807155,18.52998521151567,201.94
-294.083522867441,-1007.8652854858005,-4.8273163654099,155.10333008346072,386.1064727817986,18.529151464990314,201.94
-259.384548258066,-992.055593102988,-5.772198838712232,153.6880926567029,390.21007995953295,18.454581373472823,202.952
-244.02263769446137,-953.0354797991623,-3.92656647183536,153.5501186153894,390.19218611698176,18.454929832532002,202.952
-219.42827734289887,-946.1513245257248,-4.887413521192686,151.72330587124878,393.9884355066302,18.385847132406237,203.94
-204.26274563092244,-906.7534459143284,-3.048504161968842,151.58732836828,393.9691367212982,18.386496424372677,203.94
-181.94279934185994,-901.9282506018284,-3.8768857144818267,149.52630847081906,397.6440711085052,18.444065269992578,204.94
-166.99701612073102,-862.1648057245409,-2.032206691100804,149.38935595175906,397.62482643724394,18.444610262756107,204.94
-139.56818311291852,-852.9462998651659,-3.781840814016002,147.52670031211062,401.4765262663455,17.606020466681557,205.94
-124.82238759372775,-812.7996229508194,-2.020836410737624,147.38921007170478,401.45701202058405,17.606825179902,205.94
-144.50353993747774,-844.6680311539444,-3.2948600273791437,143.4952662850837,403.7462805142364,17.215896913976664,206.94
-130.16092403191803,-804.2942739260585,-1.572846025164032,143.35705182611062,403.7288640434806,17.216745535611555,206.94
-141.99698360223053,-829.5806508791835,-2.2408569354900667,139.70618054925515,406.207959502465,17.383976860650876,207.94
-128.0333429472742,-788.9607568077549,-0.5019362980047979,139.566632549871,406.18992192610636,17.38502276349124,207.94
-105.1699396269617,-783.0446191124424,-1.5172466438944752,136.95732621442178,409.546161244954,17.174485498350176,208.94
-91.4812139834947,-742.0909430208927,0.20070732945883152,136.81718665491834,409.52736058603955,17.175496345386755,208.94
-72.4021124209947,-739.2662359896427,-0.8771064015113165,133.9139502657582,412.6846176661177,16.889691804674346,209.94
-59.01772069527688,-697.9987310576716,0.812398785719256,133.7738842485981,412.66548097330485,16.89076381820062,209.94
-42.90199803902688,-697.2620367217341,0.15982529386671845,130.51718564019967,415.5920785685197,16.995772519243452,210.94
-29.85730283273763,-655.7037795724374,1.8599452719575307,130.37671848558526,415.57306441741594,16.99685797157639,210.94
2.8367889641373694,-640.9329055489999,-0.10920076892292274,127.82229801439385,419.03912887054094,15.805031893487293,211.94
15.611976382248654,-599.0300160611407,1.4718932055586884,127.68145034783186,419.01866088664235,15.806213463753057,211.94
-11.007774594313846,-635.5925160611407,-0.347592618005484,122.7611012267381,420.61473022257985,14.730999664612815,212.94
1.261284757397549,-593.5319903068881,1.1261188751362563,122.62008580748977,420.5957848624709,14.732222717973732,212.94
