accelerometer (x),accelerometer (y),accelerometer (z),magnetometer (x),magnetometer (y),magnetometer (z)
-0.00022224817,0.0025537452,-9.800523,-0.009684957,-0.21615872,0.42932203
-0.00022224817,0.0025537452,-9.800523,-0.009684957,-0.21615872,0.42932203
-0.007380635477602482,0.0011772095458582044,-9.783515930175781,-0.00971316546201706,-0.21628093719482422,0.429330050945282
-0.007380635477602482,0.0011772095458582044,-9.783515930175781,-0.00971316546201706,-0.21628093719482422,0.429330050945282
-0.007015798344218637,0.0014940323017071933,-9.784371328353881,-0.00963676068931818,-0.21613462269306183,0.4293687641620636
-0.007015798344218637,0.0014940323017071933,-9.784371328353881,-0.00963676068931818,-0.21613462269306183,0.4293687641620636
-0.006939617526149959,0.0010592757913400418,-9.785503771305084,-0.009750789031386375,-0.21605567634105682,0.42938074469566345
-0.006939617526149959,0.0010592757913400418,-9.785503771305084,-0.009750789031386375,-0.21605567634105682,0.42938074469566345
-0.006447674509949138,0.0013771167577215236,-9.786226875662802,-0.009643579833209515,-0.21616986393928528,0.4291633665561676
-0.006447674509949138,0.0013771167577215236,-9.786226875662802,-0.009643579833209515,-0.21616986393928528,0.4291633665561676
-0.005746446293245572,0.0014789751650132526,-9.78700079990029,-0.0098319873213768,-0.21619337797164917,0.42919260263442993
-0.005746446293245572,0.0014789751650132526,-9.78700079990029,-0.0098319873213768,-0.21619337797164917,0.42919260263442993
-0.005822669144911843,0.002003763538566818,-9.787571900576053,-0.009649739600718021,-0.2160719335079193,0.42944204807281494
-0.005822669144911843,0.002003763538566818,-9.787571900576053,-0.009649739600718021,-0.2160719335079193,0.42944204807281494
-0.0060432187456599005,0.0022390883005477093,-9.788396209294808,-0.0096104945987463,-0.21610626578330994,0.4292488694190979
-0.0060432187456599005,0.0022390883005477093,-9.788396209294808,-0.0096104945987463,-0.21610626578330994,0.4292488694190979
-0.005252490409515855,0.002405983994836732,-9.788529182796132,-0.009700239636003971,-0.2160993069410324,0.4292793273925781
-0.005252490409515855,0.002405983994836732,-9.788529182796132,-0.009700239636003971,-0.2160993069410324,0.4292793273925781
-0.0050045820604667605,0.0021018423242254733,-9.788786542473463,-0.00956957321614027,-0.21619930863380432,0.4294334948062897
-0.0050045820604667605,0.0021018423242254733,-9.788786542473463,-0.00956957321614027,-0.21619930863380432,0.4294334948062897
-0.0039527863417427,0.0018279708553343508,-9.788910298998472,-0.009678548201918602,-0.21617648005485535,0.4294727146625519
-0.0039527863417427,0.0018279708553343508,-9.788910298998472,-0.009678548201918602,-0.21617648005485535,0.4294727146625519
-0.003349249126056059,0.0015986666757653175,-9.789094911001673,-0.009727434255182743,-0.216170534491539,0.42935711145401
-0.003349249126056059,0.0015986666757653175,-9.789094911001673,-0.009727434255182743,-0.216170534491539,0.42935711145401
-0.0031264992289801565,0.0012234767980725085,-9.78948958981377,-0.009771398268640041,-0.21595530211925507,0.429416298866272
-0.0031264992289801565,0.0012234767980725085,-9.78948958981377,-0.009771398268640041,-0.21595530211925507,0.429416298866272
-0.003477252028525583,0.0010223460601129124,-9.789912075349937,-0.009769342839717865,-0.21610376238822937,0.42931067943573
-0.003477252028525583,0.0010223460601129124,-9.789912075349937,-0.009769342839717865,-0.21610376238822937,0.42931067943573
-0.0027971385408527417,0.0004678710244387477,-9.790534641366985,-0.009712382219731808,-0.2161424458026886,0.4293590784072876
-0.0027971385408527417,0.0004678710244387477,-9.790534641366985,-0.009712382219731808,-0.2161424458026886,0.4293590784072876
-0.0035273380641770782,0.0006409207152377153,-9.791211623669362,-0.009466508403420448,-0.2160498946905136,0.4292742908000946
-0.0035273380641770782,0.0006409207152377153,-9.791211623669362,-0.009466508403420448,-0.2160498946905136,0.4292742908000946
-0.004308811283250729,6.005401623229722e-05,-9.79141120293206,-0.009820764884352684,-0.21603068709373474,0.4292623698711395
-0.004308811283250729,6.005401623229722e-05,-9.79141120293206,-0.009820764884352684,-0.21603068709373474,0.4292623698711395
-0.004045506230645764,-0.00041904227483886966,-9.791805795525935,-0.009753716178238392,-0.21614599227905273,0.42914408445358276
-0.004045506230645764,-0.00041904227483886966,-9.791805795525935,-0.009753716178238392,-0.21614599227905273,0.42914408445358276
-0.0037701481158305887,0.0002473574078710123,-9.792240835339483,-0.009663484059274197,-0.2160332351922989,0.4292098581790924
-0.0037701481158305887,0.0002473574078710123,-9.792240835339483,-0.009663484059274197,-0.2160332351922989,0.4292098581790924
-0.0037570947817619836,-0.00044984897170964063,-9.792385043953978,-0.009693588130176067,-0.21624739468097687,0.42921116948127747
-0.0037570947817619836,-0.00044984897170964063,-9.792385043953978,-0.009693588130176067,-0.21624739468097687,0.42921116948127747
-0.0033412948611327396,-0.00014601917717385312,-9.793014614922173,-0.009575236588716507,-0.21610422432422638,0.4292617738246918
-0.0033412948611327396,-0.00014601917717385312,-9.793014614922173,-0.009575236588716507,-0.21610422432422638,0.4292617738246918
-0.002408716023693578,-0.00025002028816915173,-9.79344633885746,-0.009750032797455788,-0.21600373089313507,0.42927053570747375
-0.002408716023693578,-0.00025002028816915173,-9.79344633885746,-0.009750032797455788,-0.21600373089313507,0.42927053570747375
-0.002505543436799041,-0.0007730935031948268,-9.793594168475256,-0.009453359991312027,-0.21624840795993805,0.42913195490837097
-0.002505543436799041,-0.0007730935031948268,-9.793594168475256,-0.009453359991312027,-0.21624840795993805,0.42913195490837097
-0.002037382978892736,-0.00030158566015848413,-9.793410881865457,-0.009662346914410591,-0.21621620655059814,0.42939552664756775
-0.002037382978892736,-0.00030158566015848413,-9.793410881865457,-0.009662346914410591,-0.21621620655059814,0.42939552664756775
-0.002547279559211524,3.08078201587553e-05,-9.793154028339199,-0.009726079180836678,-0.21614985167980194,0.4293176233768463
-0.002547279559211524,3.08078201587553e-05,-9.793154028339199,-0.009726079180836678,-0.21614985167980194,0.4293176233768463
-0.002610097460111987,-0.0005578191832078718,-9.79343749475366,-0.009799073450267315,-0.2161990851163864,0.4293544888496399
-0.002610097460111987,-0.0005578191832078718,-9.79343749475366,-0.009799073450267315,-0.2161990851163864,0.4293544888496399
-0.003109623321570914,-0.0006495386225896142,-9.794146622442124,-0.009763340465724468,-0.21607109904289246,0.42935553193092346
-0.003109623321570914,-0.0006495386225896142,-9.794146622442124,-0.009763340465724468,-0.21607109904289246,0.42935553193092346
-0.0024364470377505453,-0.0006489566316445627,-9.794284424147776,-0.009753113612532616,-0.21603083610534668,0.4292733669281006
-0.0024364470377505453,-0.0006489566316445627,-9.794284424147776,-0.009753113612532616,-0.21603083610534668,0.4292733669281006
-0.005957878504017353,-0.005227299112352526,-9.803761248701495,-0.009422047063708305,-0.21849596500396729,0.4280703067779541
-0.005957878504017353,-0.005227299112352526,-9.803761248701495,-0.009422047063708305,-0.21849596500396729,0.4280703067779541
-0.004590347283957791,-0.004654873301569776,-9.84504291282892,-0.012232123874127865,-0.20973671972751617,0.43214112520217896
-0.004590347283957791,-0.004654873301569776,-9.84504291282892,-0.012232123874127865,-0.20973671972751617,0.43214112520217896
-0.004503602438789578,-0.003797507976973998,-9.850999528402683,-0.010040218941867352,-0.21168150007724762,0.43158161640167236
-0.004503602438789578,-0.003797507976973998,-9.850999528402683,-0.010040218941867352,-0.21168150007724762,0.43158161640167236
-0.004158466048386815,-0.0036661598573048413,-9.853645179195073,-0.009442212991416454,-0.2174895852804184,0.428733766078949
-0.004158466048386815,-0.0036661598573048413,-9.853645179195073,-0.009442212991416454,-0.2174895852804184,0.428733766078949
-0.0043643026369112395,-0.0036190995607945846,-9.855174355553313,-0.013471653684973717,-0.2165088802576065,0.4291495978832245
-0.0043643026369112395,-0.0036190995607945846,-9.855174355553313,-0.013471653684973717,-0.2165088802576065,0.4291495978832245
-0.004523376501307664,-0.004001183282083754,-9.849067439838635,-0.00852142833173275,-0.21767295897006989,0.4286091923713684
-0.004523376501307664,-0.004001183282083754,-9.849067439838635,-0.00852142833173275,-0.21767295897006989,0.4286091923713684
-0.004480451888772833,-0.0034098158066065707,-9.848833182150292,-0.010003404691815376,-0.21600912511348724,0.4292106330394745
-0.004480451888772833,-0.0034098158066065707,-9.848833182150292,-0.010003404691815376,-0.21600912511348724,0.4292106330394745
-0.004225424631592285,-0.0033610123223674314,-9.847871873537162,-0.011656351387500763,-0.21462267637252808,0.42999935150146484
-0.004225424631592285,-0.0033610123223674314,-9.847871873537162,-0.011656351387500763,-0.21462267637252808,0.42999935150146484
-0.00429419860573989,-0.0027235740576218976,-9.843931048186109,-0.01279574353247881,-0.21573036909103394,0.42959004640579224
-0.00429419860573989,-0.0027235740576218976,-9.843931048186109,-0.01279574353247881,-0.21573036909103394,0.42959004640579224
-0.004392818302258975,-0.0030408212985922733,-9.868338156360299,-0.012698540464043617,-0.21652263402938843,0.42909160256385803
-0.004392818302258975,-0.0030408212985922733,-9.868338156360299,-0.012698540464043617,-0.21652263402938843,0.42909160256385803
-0.0038797317999878234,-0.00281034081217655,-9.871489117728684,-0.011887319386005402,-0.2163509726524353,0.42902156710624695
-0.0038797317999878234,-0.00281034081217655,-9.871489117728684,-0.011887319386005402,-0.2163509726524353,0.42902156710624695
-0.00407586361707397,-0.002489587893934628,-9.86891316838827,-0.012149232439696789,-0.2171713411808014,0.42866289615631104
-0.00407586361707397,-0.002489587893934628,-9.86891316838827,-0.012149232439696789,-0.2171713411808014,0.42866289615631104
-0.0034031784374673195,-0.002287251393012331,-9.866757840855696,-0.012812124565243721,-0.21633628010749817,0.4293607473373413
-0.0034031784374673195,-0.002287251393012331,-9.866757840855696,-0.012812124565243721,-0.21633628010749817,0.4293607473373413
-0.0032618632392971292,-0.0021232119899202333,-9.863540168997238,-0.011309947818517685,-0.2152543067932129,0.42961201071739197
-0.0032618632392971292,-0.0021232119899202333,-9.863540168997238,-0.011309947818517685,-0.2152543067932129,0.42961201071739197
-0.003398884586050525,-0.0020501909355454513,-9.86088201659596,-0.012710275128483772,-0.2154308706521988,0.4295992851257324
-0.003398884586050525,-0.0020501909355454513,-9.86088201659596,-0.012710275128483772,-0.2154308706521988,0.4295992851257324
-0.0033802139765972336,-0.001812100123564524,-9.857809172022264,-0.014655165374279022,-0.21552984416484833,0.4294694662094116
-0.0033802139765972336,-0.001812100123564524,-9.857809172022264,-0.014655165374279022,-0.21552984416484833,0.4294694662094116
-0.002963892058194351,-0.0014880683807185454,-9.855014996380135,-0.0113729452714324,-0.216694638133049,0.4290003478527069
-0.002963892058194351,-0.0014880683807185454,-9.855014996380135,-0.0113729452714324,-0.216694638133049,0.4290003478527069
-0.0028310673336679865,-0.0007637670677918796,-9.852857346155243,-0.011067640036344528,-0.21660242974758148,0.4290512204170227
-0.0028310673336679865,-0.0007637670677918796,-9.852857346155243,-0.011067640036344528,-0.21660242974758148,0.4290512204170227
-0.0028023403790625803,-0.0011351725666391525,-9.846764809963203,-0.015282020904123783,-0.2147551327943802,0.4297800362110138
-0.0028023403790625803,-0.0011351725666391525,-9.846764809963203,-0.015282020904123783,-0.2147551327943802,0.4297800362110138
-0.0027832852830917865,-0.0015824235036456871,-9.846283049109818,-0.011810301803052425,-0.2155139148235321,0.4294429123401642
-0.0027832852830917865,-0.0015824235036456871,-9.846283049109818,-0.011810301803052425,-0.2155139148235321,0.4294429123401642
-0.0024925194454848434,-0.0019257040081431542,-9.792162360933501,-0.010761654004454613,-0.21639496088027954,0.4291442036628723
-0.0024925194454848434,-0.0019257040081431542,-9.792162360933501,-0.010761654004454613,-0.21639496088027954,0.4291442036628723
-0.002505846083595274,-0.0015199849265425968,-9.760075919904038,-0.012244539335370064,-0.21560260653495789,0.42954081296920776
-0.002505846083595274,-0.0015199849265425968,-9.760075919904038,-0.012244539335370064,-0.21560260653495789,0.42954081296920776
-0.0029525769941878537,-0.0015747811697464772,-9.73546762409194,-0.015101642347872257,-0.21639953553676605,0.42916062474250793
-0.0029525769941878537,-0.0015747811697464772,-9.73546762409194,-0.015101642347872257,-0.21639953553676605,0.42916062474250793
-0.002639124390555283,-0.0020516830359811095,-9.720990147046889,-0.012919836677610874,-0.21693827211856842,0.42879658937454224
-0.002639124390555283,-0.0020516830359811095,-9.720990147046889,-0.012919836677610874,-0.21693827211856842,0.42879658937454224
-0.002308320277402021,-0.0022099446189198673,-9.713813368042322,-0.012913276441395283,-0.2169603556394577,0.4289321303367615
-0.002308320277402021,-0.0022099446189198673,-9.713813368042322,-0.012913276441395283,-0.2169603556394577,0.4289321303367615
-0.009832753449475524,0.000303415332217605,-9.708199632547311,0.05199231579899788,-0.0720277950167656,0.4722679555416107
-0.009832753449475524,0.000303415332217605,-9.708199632547311,0.05199231579899788,-0.0720277950167656,0.4722679555416107
-0.03328573507498302,-0.001321885692297805,-9.715683203700095,0.02331249602138996,-0.08416364341974258,0.47281613945961
-0.03328573507498302,-0.001321885692297805,-9.715683203700095,0.02331249602138996,-0.08416364341974258,0.47281613945961
-0.060256914420019264,-0.002303880692132731,-9.72101633019722,0.03921448066830635,-0.20026209950447083,0.43540623784065247
-0.060256914420019264,-0.002303880692132731,-9.72101633019722,0.03921448066830635,-0.20026209950447083,0.43540623784065247
-0.08511912556184942,-0.005184893499888975,-9.725460575561748,0.056258831173181534,-0.1749536395072937,0.44438445568084717
-0.08511912556184942,-0.005184893499888975,-9.725460575561748,0.056258831173181534,-0.1749536395072937,0.44438445568084717
-0.11007142111767265,-0.006483028879040578,-9.7296477995455,0.05817016586661339,-0.17999149858951569,0.44222334027290344
-0.11007142111767265,-0.006483028879040578,-9.7296477995455,0.05817016586661339,-0.17999149858951569,0.44222334027290344
-0.13443644387377784,-0.006666108910873924,-9.73239861727086,0.053522802889347076,-0.1849815547466278,0.44056692719459534
-0.13443644387377784,-0.006666108910873924,-9.73239861727086,0.053522802889347076,-0.1849815547466278,0.44056692719459534
-0.1570050265958986,-0.006416950229459628,-9.735493308904875,0.05029432475566864,-0.18264400959014893,0.4417398273944855
-0.1570050265958986,-0.006416950229459628,-9.735493308904875,0.05029432475566864,-0.18264400959014893,0.4417398273944855
-0.17824369264071455,-0.005908347947245779,-9.738888931545569,0.04777142405509949,-0.18401648104190826,0.44157305359840393
-0.17824369264071455,-0.005908347947245779,-9.738888931545569,0.04777142405509949,-0.18401648104190826,0.44157305359840393
-0.19889345976515616,-0.005579739438595456,-9.740593090314968,0.04819457605481148,-0.1827598661184311,0.44212406873703003
-0.19889345976515616,-0.005579739438595456,-9.740593090314968,0.04819457605481148,-0.1827598661184311,0.44212406873703003
-0.21924629561269088,-0.004914965384760974,-9.742740090614895,0.04618796706199646,-0.18488258123397827,0.4413778781890869
-0.21924629561269088,-0.004914965384760974,-9.742740090614895,0.04618796706199646,-0.18488258123397827,0.4413778781890869
-0.23829198692794257,-0.004646866385090262,-9.745053922265791,0.04758517071604729,-0.18366748094558716,0.44165781140327454
-0.23829198692794257,-0.004646866385090262,-9.745053922265791,0.04758517071604729,-0.18366748094558716,0.44165781140327454
-0.25606797212191257,-0.004775872173533356,-9.746281889452062,0.046516481786966324,-0.1839517056941986,0.4417583644390106
-0.25606797212191257,-0.004775872173533356,-9.746281889452062,0.046516481786966324,-0.1839517056941986,0.4417583644390106
-0.27371535271541714,-0.004563059659079203,-9.745672335232143,0.04674993082880974,-0.18498340249061584,0.4413745701313019
-0.27371535271541714,-0.004563059659079203,-9.745672335232143,0.04674993082880974,-0.18498340249061584,0.4413745701313019
-0.2903129407925369,-0.004497126723912075,-9.748441609248124,0.046870313584804535,-0.18422836065292358,0.44155290722846985
-0.2903129407925369,-0.004497126723912075,-9.748441609248124,0.046870313584804535,-0.18422836065292358,0.44155290722846985
-0.30614242371964584,-0.004222697594648107,-9.749916184822094,0.04703183099627495,-0.18488171696662903,0.44136637449264526
-0.30614242371964584,-0.004222697594648107,-9.749916184822094,0.04703183099627495,-0.18488171696662903,0.44136637449264526
-0.3210887367148769,-0.003527821895297595,-9.752544124360286,0.045727167278528214,-0.18488265573978424,0.4414515197277069
-0.3210887367148769,-0.003527821895297595,-9.752544124360286,0.045727167278528214,-0.18488265573978424,0.4414515197277069
-0.33035027602201633,-0.002941388982137458,-9.75971672282977,0.04802439361810684,-0.25873231887817383,0.40241560339927673
-0.33035027602201633,-0.002941388982137458,-9.75971672282977,0.04802439361810684,-0.25873231887817383,0.40241560339927673
-0.33167784003358713,-0.0017002247760399137,-9.765874134292652,0.03778533264994621,-0.25205445289611816,0.40778037905693054
-0.33167784003358713,-0.0017002247760399137,-9.765874134292652,0.03778533264994621,-0.25205445289611816,0.40778037905693054
-0.32566641428614207,-0.0016356624443999808,-9.768240475109147,0.040463268756866455,-0.2420516163110733,0.41337698698043823
-0.32566641428614207,-0.0016356624443999808,-9.768240475109147,0.040463268756866455,-0.2420516163110733,0.41337698698043823
-0.31124899965392866,-0.00577574783719463,-9.774841211516042,-0.06246170774102211,-0.29798778891563416,0.37199410796165466
-0.31124899965392866,-0.00577574783719463,-9.774841211516042,-0.06246170774102211,-0.29798778891563416,0.37199410796165466
-0.2962411234865482,-0.017822955285003175,-9.7912199528659,-0.1543699949979782,-0.19964753091335297,0.4092029333114624
-0.2962411234865482,-0.017822955285003175,-9.7912199528659,-0.1543699949979782,-0.19964753091335297,0.4092029333114624
-0.3017244712099831,-0.03284807157791245,-9.798208370810984,-0.26959940791130066,0.015590859577059746,0.39780378341674805
-0.3017244712099831,-0.03284807157791245,-9.798208370810984,-0.26959940791130066,0.015590859577059746,0.39780378341674805
-0.31501188544493225,-0.034591613408553185,-9.799274190521167,-0.20930801331996918,0.05582988262176514,0.42909467220306396
-0.31501188544493225,-0.034591613408553185,-9.799274190521167,-0.20930801331996918,0.05582988262176514,0.42909467220306396
-0.328384514000597,-0.03153039205128571,-9.798958584709098,-0.20284152030944824,0.11031854897737503,0.42156651616096497
-0.328384514000597,-0.03153039205128571,-9.798958584709098,-0.20284152030944824,0.11031854897737503,0.42156651616096497
-0.341647057313972,-0.03035205014883865,-9.796848733018809,-0.20504602789878845,0.09328234940767288,0.4248693287372589
-0.341647057313972,-0.03035205014883865,-9.796848733018809,-0.20504602789878845,0.09328234940767288,0.4248693287372589
-0.354134485274842,-0.029410074236342506,-9.79601710721992,-0.20667435228824615,0.0953858345746994,0.42330384254455566
-0.354134485274842,-0.029410074236342506,-9.79601710721992,-0.20667435228824615,0.0953858345746994,0.42330384254455566
-0.3662788399982215,-0.028073343836497996,-9.795355522641392,-0.20674991607666016,0.09604869037866592,0.4232772886753082
-0.3662788399982215,-0.028073343836497996,-9.795355522641392,-0.20674991607666016,0.09604869037866592,0.4232772886753082
-0.37774882937286025,-0.026823909739909217,-9.794149996646652,-0.20552287995815277,0.09180602431297302,0.4247261583805084
-0.37774882937286025,-0.026823909739909217,-9.794149996646652,-0.20552287995815277,0.09180602431297302,0.4247261583805084
-0.38900729530625583,-0.02576540094557629,-9.794178481616566,-0.20503713190555573,0.09318052977323532,0.42467018961906433
-0.38900729530625583,-0.02576540094557629,-9.794178481616566,-0.20503713190555573,0.09318052977323532,0.42467018961906433
-0.3993129430998801,-0.02443614111004834,-9.792612190973848,-0.20605817437171936,0.09335672110319138,0.42409366369247437
-0.3993129430998801,-0.02443614111004834,-9.792612190973848,-0.20605817437171936,0.09335672110319138,0.42409366369247437
-0.409342630093293,-0.023803952420757574,-9.790992893909896,-0.2052610069513321,0.09506573528051376,0.4241010546684265
-0.409342630093293,-0.023803952420757574,-9.790992893909896,-0.2052610069513321,0.09506573528051376,0.4241010546684265
-0.4183667055922218,-0.023399218661840797,-9.791144091118088,-0.2060273140668869,0.09246669709682465,0.424425333738327
-0.4183667055922218,-0.023399218661840797,-9.791144091118088,-0.2060273140668869,0.09246669709682465,0.424425333738327
-0.4274339143981133,-0.022817511707388594,-9.791503068126515,-0.20732462406158447,0.09338013827800751,0.4236210286617279
-0.4274339143981133,-0.022817511707388594,-9.791503068126515,-0.20732462406158447,0.09338013827800751,0.4236210286617279
-0.4357037694575503,-0.02199715723548191,-9.790899529557835,-0.20504888892173767,0.0940185934305191,0.4244937598705292
-0.4357037694575503,-0.02199715723548191,-9.790899529557835,-0.20504888892173767,0.0940185934305191,0.4244937598705292
-0.4437137657161562,-0.021516573192737146,-9.790139772272447,-0.20602238178253174,0.09310182183980942,0.4242174029350281
-0.4437137657161562,-0.021516573192737146,-9.790139772272447,-0.20602238178253174,0.09310182183980942,0.4242174029350281
-0.4510715785690355,-0.02039427871072118,-9.789760276563486,-0.2060181349515915,0.09232712537050247,0.42430949211120605
-0.4510715785690355,-0.02039427871072118,-9.789760276563486,-0.2060181349515915,0.09232712537050247,0.42430949211120605
-0.4514926606332061,-0.019880590048537983,-9.796870220346396,-0.20732802152633667,0.014099921099841595,0.4334760010242462
-0.4514926606332061,-0.019880590048537983,-9.796870220346396,-0.20732802152633667,0.014099921099841595,0.4334760010242462
-0.44343845071584553,-0.019004668628208106,-9.800241984139866,-0.20101965963840485,0.028131861239671707,0.4357416331768036
-0.44343845071584553,-0.019004668628208106,-9.800241984139866,-0.20101965963840485,0.028131861239671707,0.4357416331768036
-0.43242775421421764,-0.02045695332763657,-9.816227256606457,-0.25577259063720703,0.05209372565150261,0.40397995710372925
-0.43242775421421764,-0.02045695332763657,-9.816227256606457,-0.25577259063720703,0.05209372565150261,0.40397995710372925
-0.4198140871527491,-0.030935932007175305,-9.83543095229359,-0.2484794557094574,0.1320650279521942,0.3898674249649048
-0.4198140871527491,-0.030935932007175305,-9.83543095229359,-0.2484794557094574,0.1320650279521942,0.3898674249649048
-0.4243011706473989,-0.03586495803436094,-9.837775091095535,-0.07029213011264801,0.2981506288051605,0.37066248059272766
-0.4243011706473989,-0.03586495803436094,-9.837775091095535,-0.07029213011264801,0.2981506288051605,0.37066248059272766
-0.4312281918259893,-0.03245249296037784,-9.836165248131334,0.012621304951608181,0.23681563138961792,0.418244868516922
-0.4312281918259893,-0.03245249296037784,-9.836165248131334,0.012621304951608181,0.23681563138961792,0.418244868516922
-0.43866987488128867,-0.02931192380878338,-9.835282154715856,0.006479034665971994,0.24696235358715057,0.4124876856803894
-0.43866987488128867,-0.02931192380878338,-9.835282154715856,0.006479034665971994,0.24696235358715057,0.4124876856803894
-0.44634348639235116,-0.026510721918775224,-9.83232057536141,0.011703220196068287,0.24495387077331543,0.4136679172515869
-0.44634348639235116,-0.026510721918775224,-9.83232057536141,0.011703220196068287,0.24495387077331543,0.4136679172515869
-0.4540335939721858,-0.02383117802738339,-9.829041395805985,0.00862869806587696,0.24246647953987122,0.4149969518184662
-0.4540335939721858,-0.02383117802738339,-9.829041395805985,0.00862869806587696,0.24246647953987122,0.4149969518184662
-0.46137160619862533,-0.02128872315867971,-9.82616349708197,0.011194160208106041,0.24351893365383148,0.4142400324344635
-0.46137160619862533,-0.02128872315867971,-9.82616349708197,0.011194160208106041,0.24351893365383148,0.4142400324344635
-0.46903296046186754,-0.01918802169457097,-9.82443600116769,0.011602076701819897,0.24131710827350616,0.4157561957836151
-0.46903296046186754,-0.01918802169457097,-9.82443600116769,0.011602076701819897,0.24131710827350616,0.4157561957836151
-0.47553928937606815,-0.016368242113493563,-9.820969833509817,0.009598424658179283,0.24103280901908875,0.41579368710517883
-0.47553928937606815,-0.016368242113493563,-9.820969833509817,0.009598424658179283,0.24103280901908875,0.41579368710517883
-0.4817350808162308,-0.014479639786747642,-9.818851853308937,0.010580187663435936,0.24348917603492737,0.4144081771373749
-0.4817350808162308,-0.014479639786747642,-9.818851853308937,0.010580187663435936,0.24348917603492737,0.4144081771373749
-0.48790822508035847,-0.012433767312868604,-9.816332751167781,0.012083050794899464,0.24285179376602173,0.41465431451797485
-0.48790822508035847,-0.012433767312868604,-9.816332751167781,0.012083050794899464,0.24285179376602173,0.41465431451797485
-0.49330958702160727,-0.010238261142769416,-9.814815697044452,0.010360217653214931,0.2418663650751114,0.41540706157684326
-0.49330958702160727,-0.010238261142769416,-9.814815697044452,0.010360217653214931,0.2418663650751114,0.41540706157684326
-0.4981617374131493,-0.008364250729162505,-9.81461627495468,0.01057885680347681,0.2404468059539795,0.41613689064979553
-0.4981617374131493,-0.008364250729162505,-9.81461627495468,0.01057885680347681,0.2404468059539795,0.41613689064979553
-0.5035773675405921,-0.006132109596028983,-9.814327594156774,0.010144826956093311,0.24245594441890717,0.414933443069458
-0.5035773675405921,-0.006132109596028983,-9.814327594156774,0.010144826956093311,0.24245594441890717,0.414933443069458
-0.5088683190669362,-0.004645733270307687,-9.813150408555991,0.009481783956289291,0.24358078837394714,0.4144759774208069
-0.5088683190669362,-0.004645733270307687,-9.813150408555991,0.009481783956289291,0.24358078837394714,0.4144759774208069
-0.5134641033003188,-0.0032368173913134048,-9.811480620061786,0.009937616996467113,0.24220289289951324,0.41513633728027344
-0.5134641033003188,-0.0032368173913134048,-9.811480620061786,0.009937616996467113,0.24220289289951324,0.41513633728027344
-0.5175267941266282,-0.0016821277320558095,-9.81052417519456,0.01044030487537384,0.24152706563472748,0.41546952724456787
-0.5175267941266282,-0.0016821277320558095,-9.81052417519456,0.01044030487537384,0.24152706563472748,0.41546952724456787
-0.5218270880167171,-0.0007058407685325094,-9.807663571979875,0.010950763709843159,0.24255487322807312,0.4149174988269806
-0.5218270880167171,-0.0007058407685325094,-9.807663571979875,0.010950763709843159,0.24255487322807312,0.4149174988269806
-0.5264607806081831,0.0005873795444660118,-9.806430297631978,0.008929407224059105,0.2407204657793045,0.41593536734580994
-0.5264607806081831,0.0005873795444660118,-9.806430297631978,0.008929407224059105,0.2407204657793045,0.41593536734580994
-0.5299123925091322,0.0018576839792378839,-9.805032523137342,0.009369258768856525,0.24121151864528656,0.4157569706439972
-0.5299123925091322,0.0018576839792378839,-9.805032523137342,0.009369258768856525,0.24121151864528656,0.4157569706439972
-0.5329811267073374,0.0030484499736394177,-9.796508592445562,0.008502226322889328,0.2382003664970398,0.41757580637931824
-0.5329811267073374,0.0030484499736394177,-9.796508592445562,0.008502226322889328,0.2382003664970398,0.41757580637931824
-0.5331428266976923,0.0043905098208365245,-9.80266433157023,0.011295395903289318,0.17705939710140228,0.446943461894989
-0.5331428266976923,0.0043905098208365245,-9.80266433157023,0.011295395903289318,0.17705939710140228,0.446943461894989
-0.5244986038947024,0.005359483158354813,-9.808895899232441,0.005388995166867971,0.17441381514072418,0.44796237349510193
-0.5244986038947024,0.005359483158354813,-9.808895899232441,0.005388995166867971,0.17441381514072418,0.44796237349510193
-0.5100814134346169,0.006308583227025082,-9.811211714851263,0.0034039251040667295,0.18505237996578217,0.4437411427497864
-0.5100814134346169,0.006308583227025082,-9.811211714851263,0.0034039251040667295,0.18505237996578217,0.4437411427497864
-0.4894416673921928,0.005759038802226663,-9.815328815799983,0.0013648832682520151,0.12534505128860474,0.4642811715602875
-0.4894416673921928,0.005759038802226663,-9.815328815799983,0.0013648832682520151,0.12534505128860474,0.4642811715602875
-0.46053017010253827,-0.002205858764620358,-9.840587346018285,-0.04730631038546562,0.15308962762355804,0.4531170725822449
-0.46053017010253827,-0.002205858764620358,-9.840587346018285,-0.04730631038546562,0.15308962762355804,0.4531170725822449
-0.44737795033518524,-0.02458593311974719,-9.840099745837732,0.08128152787685394,0.13120990991592407,0.45548704266548157
-0.44737795033518524,-0.02458593311974719,-9.840099745837732,0.08128152787685394,0.13120990991592407,0.45548704266548157
-0.45188833958447816,-0.03299525141632407,-9.839500579392402,0.20176316797733307,-0.06017546355724335,0.43223807215690613
-0.45188833958447816,-0.03299525141632407,-9.839500579392402,0.20176316797733307,-0.06017546355724335,0.43223807215690613
-0.4583285133263846,-0.03128680991208858,-9.836313773689383,0.1559714525938034,-0.11323147267103195,0.44045570492744446
-0.4583285133263846,-0.03128680991208858,-9.836313773689383,0.1559714525938034,-0.11323147267103195,0.44045570492744446
-0.4652032818605811,-0.027747740526720792,-9.834884952528107,0.15250654518604279,-0.12703435122966766,0.43771398067474365
-0.4652032818605811,-0.027747740526720792,-9.834884952528107,0.15250654518604279,-0.12703435122966766,0.43771398067474365
-0.4719161240160261,-0.025142607697088183,-9.832618530066496,0.15477606654167175,-0.12520046532154083,0.4375125467777252
-0.4719161240160261,-0.025142607697088183,-9.832618530066496,0.15477606654167175,-0.12520046532154083,0.4375125467777252
-0.4781481062874004,-0.022762527481046048,-9.830437819856506,0.1504869908094406,-0.1269383728504181,0.43855366110801697
-0.4781481062874004,-0.022762527481046048,-9.830437819856506,0.1504869908094406,-0.1269383728504181,0.43855366110801697
-0.4839173827300036,-0.02054541594118912,-9.827803524994053,0.15377061069011688,-0.12647855281829834,0.43772780895233154
-0.4839173827300036,-0.02054541594118912,-9.827803524994053,0.15377061069011688,-0.12647855281829834,0.43772780895233154
-0.49025901755125184,-0.018291156429941325,-9.824570859501796,0.15341387689113617,-0.12890863418579102,0.43699297308921814
-0.49025901755125184,-0.018291156429941325,-9.824570859501796,0.15341387689113617,-0.12890863418579102,0.43699297308921814
-0.4951445467314056,-0.01508010559226088,-9.824187281507784,0.15319561958312988,-0.128647118806839,0.4371393024921417
-0.4951445467314056,-0.01508010559226088,-9.824187281507784,0.15319561958312988,-0.128647118806839,0.4371393024921417
-0.500354591676482,-0.013323324155536907,-9.821809723615257,0.15049175918102264,-0.12796099483966827,0.4383283257484436
-0.500354591676482,-0.013323324155536907,-9.821809723615257,0.15049175918102264,-0.12796099483966827,0.4383283257484436
-0.5054583166891773,-0.011466142778735594,-9.819533162223923,0.15234433114528656,-0.12831705808639526,0.437529593706131
-0.5054583166891773,-0.011466142778735594,-9.819533162223923,0.15234433114528656,-0.12831705808639526,0.437529593706131
-0.5097807788959858,-0.009406474892431668,-9.81698829160357,0.15340739488601685,-0.12847957015037537,0.4370023012161255
-0.5097807788959858,-0.009406474892431668,-9.81698829160357,0.15340739488601685,-0.12847957015037537,0.4370023012161255
-0.5145216153965524,-0.0066548580611024925,-9.814916562188797,0.15383833646774292,-0.1287255436182022,0.4370945394039154
-0.5145216153965524,-0.0066548580611024925,-9.814916562188797,0.15383833646774292,-0.1287255436182022,0.4370945394039154
-0.5195656784932637,-0.004147965890671898,-9.812519838006969,0.1531599909067154,-0.13053812086582184,0.4366758465766907
-0.5195656784932637,-0.004147965890671898,-9.812519838006969,0.1531599909067154,-0.13053812086582184,0.4366758465766907
-0.5233526577684067,-0.0008614335565574815,-9.810364972663017,0.15162822604179382,-0.12968596816062927,0.43721625208854675
-0.5233526577684067,-0.0008614335565574815,-9.810364972663017,0.15162822604179382,-0.12968596816062927,0.43721625208854675
-0.5206094252691809,0.0014930188876025423,-9.816982649322835,0.14924593269824982,-0.2086726874113083,0.4067060053348541
-0.5206094252691809,0.0014930188876025423,-9.816982649322835,0.14924593269824982,-0.2086726874113083,0.4067060053348541
-0.5096529269461667,0.0030448406771372673,-9.818425634929202,0.13673128187656403,-0.1928674578666687,0.4184471070766449
-0.5096529269461667,0.0030448406771372673,-9.818425634929202,0.13673128187656403,-0.1928674578666687,0.4184471070766449
-0.49359330480621194,0.003917019109554427,-9.817867664950318,0.1321306824684143,-0.19317924976348877,0.4197061359882355
-0.49359330480621194,0.003917019109554427,-9.817867664950318,0.1321306824684143,-0.19317924976348877,0.4197061359882355
-0.473756781076984,0.0045549959700266224,-9.791344532404706,0.11356443911790848,-0.20509913563728333,0.4199255704879761
-0.473756781076984,0.0045549959700266224,-9.791344532404706,0.11356443911790848,-0.20509913563728333,0.4199255704879761
-0.4519266602896815,0.005954859030535988,-9.781779709043747,0.004037417005747557,-0.22660213708877563,0.4239916205406189
-0.4519266602896815,0.005954859030535988,-9.781779709043747,0.004037417005747557,-0.22660213708877563,0.4239916205406189
-0.43022310473675596,0.006009842909178747,-9.783489530735723,-0.05894377827644348,-0.21317480504512787,0.42689844965934753
-0.43022310473675596,0.006009842909178747,-9.783489530735723,-0.05894377827644348,-0.21317480504512787,0.42689844965934753
-0.40874744899025,0.005794836891947594,-9.78509345271273,-0.04339011386036873,-0.2141178399324417,0.4282676577568054
-0.40874744899025,0.005794836891947594,-9.78509345271273,-0.04339011386036873,-0.2141178399324417,0.4282676577568054
-0.3881284951115317,0.005741890564034865,-9.784852976472967,-0.04173925891518593,-0.21256127953529358,0.4292932152748108
-0.3881284951115317,0.005741890564034865,-9.784852976472967,-0.04173925891518593,-0.21256127953529358,0.4292932152748108
-0.36890737787872513,0.005025402125961543,-9.784628577161039,-0.04219198226928711,-0.21344193816184998,0.4284211993217468
-0.36890737787872513,0.005025402125961543,-9.784628577161039,-0.04219198226928711,-0.21344193816184998,0.4284211993217468
-0.35042026963902784,0.004716712932856989,-9.787786588839486,-0.041304927319288254,-0.21216852962970734,0.42940589785575867
-0.35042026963902784,0.004716712932856989,-9.787786588839486,-0.041304927319288254,-0.21216852962970734,0.42940589785575867
-0.332272491896844,0.004929442238453534,-9.7886641546917,-0.04273565858602524,-0.2126625031232834,0.42917028069496155
-0.332272491896844,0.004929442238453534,-9.7886641546917,-0.04273565858602524,-0.2126625031232834,0.42917028069496155
-0.3153626830443976,0.004232514310068221,-9.78799413627291,-0.04287523776292801,-0.21101684868335724,0.42987242341041565
-0.3153626830443976,0.004232514310068221,-9.78799413627291,-0.04287523776292801,-0.21101684868335724,0.42987242341041565
-0.2999184268181622,0.004108985004600897,-9.78919506308048,-0.043675072491168976,-0.2095782309770584,0.4303377866744995
-0.2999184268181622,0.004108985004600897,-9.78919506308048,-0.043675072491168976,-0.2095782309770584,0.4303377866744995
-0.2847609938749083,0.00417649755342619,-9.788350727406925,-0.044869910925626755,-0.21304573118686676,0.4286753237247467
-0.2847609938749083,0.00417649755342619,-9.788350727406925,-0.044869910925626755,-0.21304573118686676,0.4286753237247467
-0.2704802338239336,0.0037664508874528163,-9.788344354366657,-0.04458526521921158,-0.21211305260658264,0.42904898524284363
-0.2704802338239336,0.0037664508874528163,-9.788344354366657,-0.04458526521921158,-0.21211305260658264,0.42904898524284363
-0.2568298349887636,0.003528143032318917,-9.787834044683603,-0.0442582443356514,-0.2117733657360077,0.4291996657848358
-0.2568298349887636,0.003528143032318917,-9.787834044683603,-0.0442582443356514,-0.2117733657360077,0.4291996657848358
-0.2439035496425641,0.003642153016396104,-9.782926824260946,-0.04405905678868294,-0.21193736791610718,0.42931118607521057
-0.2439035496425641,0.003642153016396104,-9.782926824260946,-0.04405905678868294,-0.21193736791610718,0.42931118607521057
-0.23155800244735297,0.003729782995727511,-9.783370078842577,-0.04575249180197716,-0.2114202380180359,0.42925000190734863
-0.23155800244735297,0.003729782995727511,-9.783370078842577,-0.04575249180197716,-0.2114202380180359,0.42925000190734863
-0.2200036957002118,0.003098494230870911,-9.787575588801204,-0.04592260345816612,-0.21251673996448517,0.42883458733558655
-0.2200036957002118,0.003098494230870911,-9.787575588801204,-0.04592260345816612,-0.21251673996448517,0.42883458733558655
-0.20867165632778037,0.0032007412097913852,-9.789679544041318,-0.04481140151619911,-0.21180303394794464,0.429295152425766
-0.20867165632778037,0.0032007412097913852,-9.789679544041318,-0.04481140151619911,-0.21180303394794464,0.429295152425766
-0.19789178584550265,0.003173234646223206,-9.785862747854265,-0.046862080693244934,-0.21063628792762756,0.42958077788352966
-0.19789178584550265,0.003173234646223206,-9.785862747854265,-0.046862080693244934,-0.21063628792762756,0.42958077788352966
-0.18804758480652145,0.002984475659127268,-9.78883755289014,-0.046832479536533356,-0.209456205368042,0.430189847946167
-0.18804758480652145,0.002984475659127268,-9.78883755289014,-0.046832479536533356,-0.209456205368042,0.430189847946167
-0.17885690789995862,0.0030217537270106087,-9.790620345655789,-0.04527886584401131,-0.21221403777599335,0.4289432168006897
-0.17885690789995862,0.0030217537270106087,-9.790620345655789,-0.04527886584401131,-0.21221403777599335,0.4289432168006897
-0.16975420977438474,0.002449523974762494,-9.792012303913161,-0.04727799445390701,-0.21248780190944672,0.4285534918308258
-0.16975420977438474,0.002449523974762494,-9.792012303913161,-0.04727799445390701,-0.21248780190944672,0.4285534918308258
-0.16101818482213204,0.0026299448204818647,-9.792395533474583,-0.04517044499516487,-0.20976722240447998,0.4302968382835388
-0.16101818482213204,0.0026299448204818647,-9.792395533474583,-0.04517044499516487,-0.20976722240447998,0.4302968382835388
-0.15348715357918377,0.002671317789829683,-9.7928375644333,-0.046659164130687714,-0.21118983626365662,0.4293563663959503
-0.15348715357918377,0.002671317789829683,-9.7928375644333,-0.046659164130687714,-0.21118983626365662,0.4293563663959503
-0.14585161143152217,0.0029137220506822723,-9.795843381753018,-0.046361878514289856,-0.21148259937763214,0.42914119362831116
-0.14585161143152217,0.0029137220506822723,-9.795843381753018,-0.046361878514289856,-0.21148259937763214,0.42914119362831116
-0.13845186522438263,0.003283792797347692,-9.797685772296713,-0.04829373210668564,-0.21205686032772064,0.4287343919277191
-0.13845186522438263,0.003283792797347692,-9.797685772296713,-0.04829373210668564,-0.21205686032772064,0.4287343919277191
-0.1319781615744524,0.0032080956822904427,-9.799220846703728,-0.04876407980918884,-0.2111261487007141,0.4291761517524719
-0.1319781615744524,0.0032080956822904427,-9.799220846703728,-0.04876407980918884,-0.2111261487007141,0.4291761517524719
-0.12531006227621183,0.002998056288571666,-9.801379498124644,-0.04808877408504486,-0.21090172231197357,0.4291892945766449
-0.12531006227621183,0.002998056288571666,-9.801379498124644,-0.04808877408504486,-0.21090172231197357,0.4291892945766449
-0.1191668143424323,0.003024934680534834,-9.810625451273221,-0.04709053784608841,-0.20936284959316254,0.4303668439388275
-0.1191668143424323,0.003024934680534834,-9.810625451273221,-0.04709053784608841,-0.20936284959316254,0.4303668439388275
-0.11364544645202997,0.002819042291762692,-9.809007428679042,-0.04757905751466751,-0.2109551876783371,0.4292619824409485
-0.11364544645202997,0.002819042291762692,-9.809007428679042,-0.04757905751466751,-0.2109551876783371,0.4292619824409485
-0.10774752082262387,0.002873577556271006,-9.81789329992087,-0.04904733970761299,-0.21321214735507965,0.42802894115448
-0.10774752082262387,0.002873577556271006,-9.81789329992087,-0.04904733970761299,-0.21321214735507965,0.42802894115448
-0.10173971342163536,0.0026460070850719674,-9.830568571677146,-0.04906801879405975,-0.21143122017383575,0.42914140224456787
-0.10173971342163536,0.0026460070850719674,-9.830568571677146,-0.04906801879405975,-0.21143122017383575,0.42914140224456787
-0.09651515634214024,0.002555794335925013,-9.826729113659084,-0.04946742206811905,-0.20849309861660004,0.43032458424568176
-0.09651515634214024,0.002555794335925013,-9.826729113659084,-0.04946742206811905,-0.20849309861660004,0.43032458424568176
-0.0921862032392361,0.002189318308070062,-9.825846568803765,-0.047986265271902084,-0.2104320079088211,0.4296240210533142
-0.0921862032392361,0.002189318308070062,-9.825846568803765,-0.047986265271902084,-0.2104320079088211,0.4296240210533142
-0.08780475495201114,0.001902984189104806,-9.827789637702445,-0.047233715653419495,-0.21228499710559845,0.42879462242126465
-0.08780475495201114,0.001902984189104806,-9.827789637702445,-0.047233715653419495,-0.21228499710559845,0.42879462242126465
-0.08359198176874146,0.0018806824144347826,-9.82656119326239,-0.04991926625370979,-0.21158291399478912,0.42892494797706604
-0.08359198176874146,0.0018806824144347826,-9.82656119326239,-0.04991926625370979,-0.21158291399478912,0.42892494797706604
-0.07938873356978737,0.0020464020760151847,-9.826267212197294,-0.051080718636512756,-0.21016421914100647,0.4292987585067749
-0.07938873356978737,0.0020464020760151847,-9.826267212197294,-0.051080718636512756,-0.21016421914100647,0.4292987585067749
-0.0755632792682013,0.002154656171659971,-9.824421377069607,-0.046507518738508224,-0.20908856391906738,0.4304223954677582
-0.0755632792682013,0.002154656171659971,-9.824421377069607,-0.046507518738508224,-0.20908856391906738,0.4304223954677582
-0.07184393831963358,0.001818051236177313,-9.823989864719422,-0.04951708763837814,-0.21174375712871552,0.42882826924324036
-0.07184393831963358,0.001818051236177313,-9.823989864719422,-0.04951708763837814,-0.21174375712871552,0.42882826924324036
-0.06852324863982713,0.0012755409981455267,-9.822747656410819,-0.04957282170653343,-0.21085800230503082,0.429290235042572
-0.06852324863982713,0.0012755409981455267,-9.822747656410819,-0.04957282170653343,-0.21085800230503082,0.429290235042572
-0.06524777780928354,0.000489420846140739,-9.82179396080036,-0.0498126745223999,-0.21038629114627838,0.42944806814193726
-0.06524777780928354,0.000489420846140739,-9.82179396080036,-0.0498126745223999,-0.21038629114627838,0.42944806814193726
-0.0621454669712507,0.0008101467745721727,-9.820060446766078,-0.0498654730618,-0.21045739948749542,0.4293181002140045
-0.0621454669712507,0.0008101467745721727,-9.820060446766078,-0.0498654730618,-0.21045739948749542,0.4293181002140045
-0.0596093346421517,0.0005975013847136863,-9.818429773213174,-0.0494704507291317,-0.21073292195796967,0.42930182814598083
-0.0596093346421517,0.0005975013847136863,-9.818429773213174,-0.0494704507291317,-0.21073292195796967,0.42930182814598083
-0.05674558452636547,0.0008675050598864903,-9.81791212747854,-0.04950184375047684,-0.21052013337612152,0.42934462428092957
